QP_name,Regularization,Iteration,Cost,Decomp_Flop,Status
acrobot_FU_INDE_RE_INDE_status_4_iter_1,NO_REGULARIZE,1,1294.9982708203856,4,1
acrobot_FU_INDE_RE_INDE_status_4_iter_1,PM_MIRROR,56,-23893.118658751602,282640.0,0
acrobot_FU_INDE_RE_INDE_status_4_iter_1,PM_GMW,99,-23893.118658747633,23900.0,0
acrobot_FU_INDE_RE_INDE_status_4_iter_1,H_PROJECT,24,-23893.118655896425,1823612.0,0
acrobot_FU_INDE_RE_INDE_status_4_iter_1,H_MIRROR,47,-23893.118658752577,4153552.0,0
acrobot_FU_INDE_RE_INDE_status_4_iter_1,H_GMW,120,-23893.118658752595,199576.0,2
acrobot_FU_INDE_RE_INDE_status_4_iter_10,NO_REGULARIZE,1,1.1059790261460065,4,1
acrobot_FU_INDE_RE_INDE_status_4_iter_10,PM_MIRROR,120,-201814.60905508694,425040.0,2
acrobot_FU_INDE_RE_INDE_status_4_iter_10,PM_GMW,120,-47610.49071001138,41560.0,2
acrobot_FU_INDE_RE_INDE_status_4_iter_10,H_PROJECT,44,-168156.4637929436,4406198.0,1
acrobot_FU_INDE_RE_INDE_status_4_iter_10,H_MIRROR,41,-74335.1714702148,4102404.0,1
acrobot_FU_INDE_RE_INDE_status_4_iter_10,H_GMW,120,-162186.9132125299,451958.0,2
acrobot_FU_INDE_RE_INDE_status_4_iter_11,NO_REGULARIZE,1,0.018242076060500004,5,1
acrobot_FU_INDE_RE_INDE_status_4_iter_11,PM_MIRROR,103,-126119.1108494649,940794.0,0
acrobot_FU_INDE_RE_INDE_status_4_iter_11,PM_GMW,120,-69276.09224093781,37660.0,2
acrobot_FU_INDE_RE_INDE_status_4_iter_11,H_PROJECT,31,-62570.6744111501,3089463.0,1
acrobot_FU_INDE_RE_INDE_status_4_iter_11,H_MIRROR,64,-80991.1246505856,6432301.0,1
acrobot_FU_INDE_RE_INDE_status_4_iter_11,H_GMW,120,-79355.29250513265,455586.0,2
acrobot_FU_INDE_RE_INDE_status_4_iter_12,NO_REGULARIZE,1,-0.016765591095984432,8,1
acrobot_FU_INDE_RE_INDE_status_4_iter_12,PM_MIRROR,34,-205.86903963292116,113404.0,0
acrobot_FU_INDE_RE_INDE_status_4_iter_12,PM_GMW,52,-205.8690396329208,7150.0,0
acrobot_FU_INDE_RE_INDE_status_4_iter_12,H_PROJECT,30,-126.1095021220734,2583293.0,1
acrobot_FU_INDE_RE_INDE_status_4_iter_12,H_MIRROR,57,-127.13481478208382,4356378.0,0
acrobot_FU_INDE_RE_INDE_status_4_iter_12,H_GMW,120,-120.92937171822952,455944.0,2
acrobot_FU_INDE_RE_INDE_status_4_iter_15,NO_REGULARIZE,4,-7.070923426214654,105,1
acrobot_FU_INDE_RE_INDE_status_4_iter_15,PM_MIRROR,48,-1.9836770180745074,96264.0,0
acrobot_FU_INDE_RE_INDE_status_4_iter_15,PM_GMW,120,-0.07149155582526075,18810.0,2
acrobot_FU_INDE_RE_INDE_status_4_iter_15,H_PROJECT,68,-1.9836770180745242,4255800.0,0
acrobot_FU_INDE_RE_INDE_status_4_iter_15,H_MIRROR,102,-1.9836770180745118,8206740.0,0
acrobot_FU_INDE_RE_INDE_status_4_iter_15,H_GMW,120,-1.1455586001532614,445860.0,2
acrobot_FU_INDE_RE_INDE_status_4_iter_3,NO_REGULARIZE,1,-0.01588598763475188,8,1
acrobot_FU_INDE_RE_INDE_status_4_iter_3,PM_MIRROR,72,-76588.29320406736,441160.0,0
acrobot_FU_INDE_RE_INDE_status_4_iter_3,PM_GMW,120,-1548.0206698409831,48450.0,2
acrobot_FU_INDE_RE_INDE_status_4_iter_3,H_PROJECT,41,-76588.29320406743,3444436.0,0
acrobot_FU_INDE_RE_INDE_status_4_iter_3,H_MIRROR,57,-76588.29320406746,4964034.0,0
acrobot_FU_INDE_RE_INDE_status_4_iter_3,H_GMW,120,-75621.98198283439,456398.0,2
acrobot_FU_INDE_RE_INDE_status_4_iter_4,NO_REGULARIZE,1,0.22269107746646366,4,1
acrobot_FU_INDE_RE_INDE_status_4_iter_4,PM_MIRROR,87,-91887.2520285869,367858.0,0
acrobot_FU_INDE_RE_INDE_status_4_iter_4,PM_GMW,52,-91887.25202787065,7410.0,0
acrobot_FU_INDE_RE_INDE_status_4_iter_4,H_PROJECT,37,-91887.25202858682,2330392.0,0
acrobot_FU_INDE_RE_INDE_status_4_iter_4,H_MIRROR,120,-91887.2520285869,1927774.0,2
acrobot_FU_INDE_RE_INDE_status_4_iter_4,H_GMW,120,-91887.25202858682,116770.0,2
acrobot_FU_INDE_RE_INDE_status_4_iter_41,NO_REGULARIZE,11,-2.2353378822095482e-05,330,0
acrobot_FU_INDE_RE_INDE_status_4_iter_41,PM_MIRROR,11,-2.2353378822095482e-05,330,0
acrobot_FU_INDE_RE_INDE_status_4_iter_41,PM_GMW,11,-2.2353378822095482e-05,330,0
acrobot_FU_INDE_RE_INDE_status_4_iter_41,H_PROJECT,11,-2.2353378822095482e-05,330,0
acrobot_FU_INDE_RE_INDE_status_4_iter_41,H_MIRROR,11,-2.2353378822095482e-05,330,0
acrobot_FU_INDE_RE_INDE_status_4_iter_41,H_GMW,11,-2.2353378822095482e-05,330,0
acrobot_FU_INDE_RE_INDE_status_4_iter_45,NO_REGULARIZE,2,-105.20608155595163,45,1
acrobot_FU_INDE_RE_INDE_status_4_iter_45,PM_MIRROR,13,-39.569967365253014,31998.0,0
acrobot_FU_INDE_RE_INDE_status_4_iter_45,PM_GMW,35,-39.569967365255025,4300.0,0
acrobot_FU_INDE_RE_INDE_status_4_iter_45,H_PROJECT,16,-39.569967365255074,911994.0,0
acrobot_FU_INDE_RE_INDE_status_4_iter_45,H_MIRROR,34,-39.5699673652551,2026602.0,0
acrobot_FU_INDE_RE_INDE_status_4_iter_45,H_GMW,44,-39.56996736525507,129816.0,0
acrobot_FU_INDE_RE_INDE_status_4_iter_47,NO_REGULARIZE,11,-0.0015494665437017915,330,0
acrobot_FU_INDE_RE_INDE_status_4_iter_47,PM_MIRROR,11,-0.0015494665437017915,330,0
acrobot_FU_INDE_RE_INDE_status_4_iter_47,PM_GMW,11,-0.0015494665437017915,330,0
acrobot_FU_INDE_RE_INDE_status_4_iter_47,H_PROJECT,11,-0.0015494665437017915,330,0
acrobot_FU_INDE_RE_INDE_status_4_iter_47,H_MIRROR,11,-0.0015494665437017915,330,0
acrobot_FU_INDE_RE_INDE_status_4_iter_47,H_GMW,11,-0.0015494665437017915,330,0
acrobot_FU_INDE_RE_INDE_status_4_iter_48,NO_REGULARIZE,11,-6.517159140965843e-06,330,0
acrobot_FU_INDE_RE_INDE_status_4_iter_48,PM_MIRROR,11,-6.517159140965843e-06,330,0
acrobot_FU_INDE_RE_INDE_status_4_iter_48,PM_GMW,11,-6.517159140965843e-06,330,0
acrobot_FU_INDE_RE_INDE_status_4_iter_48,H_PROJECT,11,-6.517159140965843e-06,330,0
acrobot_FU_INDE_RE_INDE_status_4_iter_48,H_MIRROR,11,-6.517159140965843e-06,330,0
acrobot_FU_INDE_RE_INDE_status_4_iter_48,H_GMW,11,-6.517159140965843e-06,330,0
acrobot_FU_INDE_RE_INDE_status_4_iter_5,NO_REGULARIZE,1,5.8118955997894926,3,1
acrobot_FU_INDE_RE_INDE_status_4_iter_5,PM_MIRROR,120,1015659.2227051664,572544.0,2
acrobot_FU_INDE_RE_INDE_status_4_iter_5,PM_GMW,120,1015659.2227051646,11270.0,2
acrobot_FU_INDE_RE_INDE_status_4_iter_5,H_PROJECT,120,1015659.2227051652,1421320.0,2
acrobot_FU_INDE_RE_INDE_status_4_iter_5,H_MIRROR,120,1015659.2227051684,1623848.0,2
acrobot_FU_INDE_RE_INDE_status_4_iter_5,H_GMW,120,1015659.222705165,90250.0,2
acrobot_FU_INDE_RE_INDE_status_4_iter_53,NO_REGULARIZE,11,-0.0004814246205747731,330,0
acrobot_FU_INDE_RE_INDE_status_4_iter_53,PM_MIRROR,11,-0.0004814246205747731,330,0
acrobot_FU_INDE_RE_INDE_status_4_iter_53,PM_GMW,11,-0.0004814246205747731,330,0
acrobot_FU_INDE_RE_INDE_status_4_iter_53,H_PROJECT,11,-0.0004814246205747731,330,0
acrobot_FU_INDE_RE_INDE_status_4_iter_53,H_MIRROR,11,-0.0004814246205747731,330,0
acrobot_FU_INDE_RE_INDE_status_4_iter_53,H_GMW,11,-0.0004814246205747731,330,0
acrobot_FU_INDE_RE_INDE_status_4_iter_7,NO_REGULARIZE,1,-2.5720637633152768,4,1
acrobot_FU_INDE_RE_INDE_status_4_iter_7,PM_MIRROR,120,210865.95670274383,456648.0,2
acrobot_FU_INDE_RE_INDE_status_4_iter_7,PM_GMW,120,210865.9567027439,18550.0,2
acrobot_FU_INDE_RE_INDE_status_4_iter_7,H_PROJECT,120,210865.9567027438,2636500.0,2
acrobot_FU_INDE_RE_INDE_status_4_iter_7,H_MIRROR,120,210865.95670274398,4965832.0,2
acrobot_FU_INDE_RE_INDE_status_4_iter_7,H_GMW,120,210865.9567027435,109020.0,2
acrobot_FU_INDE_RE_INDE_status_4_iter_8,NO_REGULARIZE,1,3.8185685821662214,2,1
acrobot_FU_INDE_RE_INDE_status_4_iter_8,PM_MIRROR,120,-5088541.068933481,920232.0,2
acrobot_FU_INDE_RE_INDE_status_4_iter_8,PM_GMW,120,-119040.42635279936,57290.0,2
acrobot_FU_INDE_RE_INDE_status_4_iter_8,H_PROJECT,120,-5088541.068933481,3851602.0,2
acrobot_FU_INDE_RE_INDE_status_4_iter_8,H_MIRROR,120,-5088541.06893349,5066876.0,2
acrobot_FU_INDE_RE_INDE_status_4_iter_8,H_GMW,41,-2696474.527775203,153560.0,1
dubins_car_parallel_parking_FU_INDE_RE_INDE_status_4_iter_1,NO_REGULARIZE,4,7.223555880882449,164,1
dubins_car_parallel_parking_FU_INDE_RE_INDE_status_4_iter_1,PM_MIRROR,106,-660.809095624306,32698.75,0
dubins_car_parallel_parking_FU_INDE_RE_INDE_status_4_iter_1,PM_GMW,76,-660.8090956243036,4605.0,0
dubins_car_parallel_parking_FU_INDE_RE_INDE_status_4_iter_1,H_PROJECT,45,-636.5548681340724,815595.375,1
dubins_car_parallel_parking_FU_INDE_RE_INDE_status_4_iter_1,H_MIRROR,68,-612.9655539350357,1322985.375,1
dubins_car_parallel_parking_FU_INDE_RE_INDE_status_4_iter_1,H_GMW,70,-553.6591379310303,53823.375,1
dubins_car_parallel_parking_FU_INDE_RE_INDE_status_4_iter_10,NO_REGULARIZE,9,-0.05162454853798725,422,1
dubins_car_parallel_parking_FU_INDE_RE_INDE_status_4_iter_10,PM_MIRROR,25,-0.9084205010983923,3394.25,0
dubins_car_parallel_parking_FU_INDE_RE_INDE_status_4_iter_10,PM_GMW,25,-1.1355504275672106,1311.25,0
dubins_car_parallel_parking_FU_INDE_RE_INDE_status_4_iter_10,H_PROJECT,67,-0.9084205211508735,1123706.75,0
dubins_car_parallel_parking_FU_INDE_RE_INDE_status_4_iter_10,H_MIRROR,97,-0.9084205213551788,1780453.0,0
dubins_car_parallel_parking_FU_INDE_RE_INDE_status_4_iter_10,H_GMW,120,-0.9055752609924578,96863.5,2
dubins_car_parallel_parking_FU_INDE_RE_INDE_status_4_iter_11,NO_REGULARIZE,8,0.9756310143068111,366,1
dubins_car_parallel_parking_FU_INDE_RE_INDE_status_4_iter_11,PM_MIRROR,21,-0.74064537029876,1526.5,0
dubins_car_parallel_parking_FU_INDE_RE_INDE_status_4_iter_11,PM_GMW,22,-0.7406453708291653,1135.0,0
dubins_car_parallel_parking_FU_INDE_RE_INDE_status_4_iter_11,H_PROJECT,120,-0.740645371310006,914779.25,2
dubins_car_parallel_parking_FU_INDE_RE_INDE_status_4_iter_11,H_MIRROR,109,-0.740645370976408,1801816.75,0
dubins_car_parallel_parking_FU_INDE_RE_INDE_status_4_iter_11,H_GMW,120,-0.7179781098291559,92015.25,2
dubins_car_parallel_parking_FU_INDE_RE_INDE_status_4_iter_12,NO_REGULARIZE,18,-0.11575298761041322,900,0
dubins_car_parallel_parking_FU_INDE_RE_INDE_status_4_iter_12,PM_MIRROR,18,-0.11575298761041322,900,0
dubins_car_parallel_parking_FU_INDE_RE_INDE_status_4_iter_12,PM_GMW,18,-0.11575298761041322,900,0
dubins_car_parallel_parking_FU_INDE_RE_INDE_status_4_iter_12,H_PROJECT,18,-0.11575298761041322,900,0
dubins_car_parallel_parking_FU_INDE_RE_INDE_status_4_iter_12,H_MIRROR,18,-0.11575298761041322,900,0
dubins_car_parallel_parking_FU_INDE_RE_INDE_status_4_iter_12,H_GMW,18,-0.11575298761041322,900,0
dubins_car_parallel_parking_FU_INDE_RE_INDE_status_4_iter_13,NO_REGULARIZE,19,-0.10533785878949967,950,0
dubins_car_parallel_parking_FU_INDE_RE_INDE_status_4_iter_13,PM_MIRROR,19,-0.10533785878949967,950,0
dubins_car_parallel_parking_FU_INDE_RE_INDE_status_4_iter_13,PM_GMW,19,-0.10533785878949967,950,0
dubins_car_parallel_parking_FU_INDE_RE_INDE_status_4_iter_13,H_PROJECT,19,-0.10533785878949967,950,0
dubins_car_parallel_parking_FU_INDE_RE_INDE_status_4_iter_13,H_MIRROR,19,-0.10533785878949967,950,0
dubins_car_parallel_parking_FU_INDE_RE_INDE_status_4_iter_13,H_GMW,19,-0.10533785878949967,950,0
dubins_car_parallel_parking_FU_INDE_RE_INDE_status_4_iter_14,NO_REGULARIZE,18,-0.09294112208648497,900,0
dubins_car_parallel_parking_FU_INDE_RE_INDE_status_4_iter_14,PM_MIRROR,18,-0.09294112208648497,900,0
dubins_car_parallel_parking_FU_INDE_RE_INDE_status_4_iter_14,PM_GMW,18,-0.09294112208648497,900,0
dubins_car_parallel_parking_FU_INDE_RE_INDE_status_4_iter_14,H_PROJECT,18,-0.09294112208648497,900,0
dubins_car_parallel_parking_FU_INDE_RE_INDE_status_4_iter_14,H_MIRROR,18,-0.09294112208648497,900,0
dubins_car_parallel_parking_FU_INDE_RE_INDE_status_4_iter_14,H_GMW,18,-0.09294112208648497,900,0
dubins_car_parallel_parking_FU_INDE_RE_INDE_status_4_iter_15,NO_REGULARIZE,20,-0.04773553123658439,1000,0
dubins_car_parallel_parking_FU_INDE_RE_INDE_status_4_iter_15,PM_MIRROR,20,-0.04773553123658439,1000,0
dubins_car_parallel_parking_FU_INDE_RE_INDE_status_4_iter_15,PM_GMW,20,-0.04773553123658439,1000,0
dubins_car_parallel_parking_FU_INDE_RE_INDE_status_4_iter_15,H_PROJECT,20,-0.04773553123658439,1000,0
dubins_car_parallel_parking_FU_INDE_RE_INDE_status_4_iter_15,H_MIRROR,20,-0.04773553123658439,1000,0
dubins_car_parallel_parking_FU_INDE_RE_INDE_status_4_iter_15,H_GMW,20,-0.04773553123658439,1000,0
dubins_car_parallel_parking_FU_INDE_RE_INDE_status_4_iter_16,NO_REGULARIZE,16,0.006405005386667454,774,1
dubins_car_parallel_parking_FU_INDE_RE_INDE_status_4_iter_16,PM_MIRROR,28,-0.004660807152933771,3306.0,0
dubins_car_parallel_parking_FU_INDE_RE_INDE_status_4_iter_16,PM_GMW,31,-0.0046608068823766075,1646.25,0
dubins_car_parallel_parking_FU_INDE_RE_INDE_status_4_iter_16,H_PROJECT,116,-0.004660807147441863,2099027.25,0
dubins_car_parallel_parking_FU_INDE_RE_INDE_status_4_iter_16,H_MIRROR,120,-0.0027875746740114856,2226089.75,2
dubins_car_parallel_parking_FU_INDE_RE_INDE_status_4_iter_16,H_GMW,120,-0.002160239951958648,93277.25,2
dubins_car_parallel_parking_FU_INDE_RE_INDE_status_4_iter_2,NO_REGULARIZE,8,9.806169693926401,375,1
dubins_car_parallel_parking_FU_INDE_RE_INDE_status_4_iter_2,PM_MIRROR,19,7.83651770258755,1188.25,0
dubins_car_parallel_parking_FU_INDE_RE_INDE_status_4_iter_2,PM_GMW,20,7.836517755871128,1017.5,0
dubins_car_parallel_parking_FU_INDE_RE_INDE_status_4_iter_2,H_PROJECT,47,7.904809469489982,741989.25,0
dubins_car_parallel_parking_FU_INDE_RE_INDE_status_4_iter_2,H_MIRROR,83,7.904809477373061,1483366.5,0
dubins_car_parallel_parking_FU_INDE_RE_INDE_status_4_iter_2,H_GMW,100,7.904809634859437,77118.0,0
dubins_car_parallel_parking_FU_INDE_RE_INDE_status_4_iter_22,NO_REGULARIZE,19,-0.0008837923039147279,950,0
dubins_car_parallel_parking_FU_INDE_RE_INDE_status_4_iter_22,PM_MIRROR,19,-0.0008837923039147279,950,0
dubins_car_parallel_parking_FU_INDE_RE_INDE_status_4_iter_22,PM_GMW,19,-0.0008837923039147279,950,0
dubins_car_parallel_parking_FU_INDE_RE_INDE_status_4_iter_22,H_PROJECT,19,-0.0008837923039147279,950,0
dubins_car_parallel_parking_FU_INDE_RE_INDE_status_4_iter_22,H_MIRROR,19,-0.0008837923039147279,950,0
dubins_car_parallel_parking_FU_INDE_RE_INDE_status_4_iter_22,H_GMW,19,-0.0008837923039147279,950,0
dubins_car_parallel_parking_FU_INDE_RE_INDE_status_4_iter_26,NO_REGULARIZE,15,0.00523801028839267,722,1
dubins_car_parallel_parking_FU_INDE_RE_INDE_status_4_iter_26,PM_MIRROR,31,-0.008196544700901011,3932.5,0
dubins_car_parallel_parking_FU_INDE_RE_INDE_status_4_iter_26,PM_GMW,33,-0.008196543815718205,1772.5,0
dubins_car_parallel_parking_FU_INDE_RE_INDE_status_4_iter_26,H_PROJECT,80,-0.008196544709757343,1230327.5,0
dubins_car_parallel_parking_FU_INDE_RE_INDE_status_4_iter_26,H_MIRROR,108,-0.008196544709755794,1781457.0,0
dubins_car_parallel_parking_FU_INDE_RE_INDE_status_4_iter_26,H_GMW,120,-0.003401373787462871,91604.75,2
dubins_car_parallel_parking_FU_INDE_RE_INDE_status_4_iter_28,NO_REGULARIZE,15,0.005439133960572156,722,1
dubins_car_parallel_parking_FU_INDE_RE_INDE_status_4_iter_28,PM_MIRROR,27,-0.01822419346410516,3970.75,0
dubins_car_parallel_parking_FU_INDE_RE_INDE_status_4_iter_28,PM_GMW,26,-0.018224243414764047,1387.5,0
dubins_car_parallel_parking_FU_INDE_RE_INDE_status_4_iter_28,H_PROJECT,51,-0.018224246333053563,615556.75,0
dubins_car_parallel_parking_FU_INDE_RE_INDE_status_4_iter_28,H_MIRROR,43,-0.018224246333087835,446072.75,0
dubins_car_parallel_parking_FU_INDE_RE_INDE_status_4_iter_28,H_GMW,49,-0.018224231224733177,24767.75,0
dubins_car_parallel_parking_FU_INDE_RE_INDE_status_4_iter_29,NO_REGULARIZE,19,-0.0008649905678073179,950,0
dubins_car_parallel_parking_FU_INDE_RE_INDE_status_4_iter_29,PM_MIRROR,19,-0.0008649905678073179,950,0
dubins_car_parallel_parking_FU_INDE_RE_INDE_status_4_iter_29,PM_GMW,19,-0.0008649905678073179,950,0
dubins_car_parallel_parking_FU_INDE_RE_INDE_status_4_iter_29,H_PROJECT,19,-0.0008649905678073179,950,0
dubins_car_parallel_parking_FU_INDE_RE_INDE_status_4_iter_29,H_MIRROR,19,-0.0008649905678073179,950,0
dubins_car_parallel_parking_FU_INDE_RE_INDE_status_4_iter_29,H_GMW,19,-0.0008649905678073179,950,0
dubins_car_parallel_parking_FU_INDE_RE_INDE_status_4_iter_3,NO_REGULARIZE,8,14.189033598356962,374,1
dubins_car_parallel_parking_FU_INDE_RE_INDE_status_4_iter_3,PM_MIRROR,23,12.082173486268452,2579.5,0
dubins_car_parallel_parking_FU_INDE_RE_INDE_status_4_iter_3,PM_GMW,25,12.082173077532609,1302.5,0
dubins_car_parallel_parking_FU_INDE_RE_INDE_status_4_iter_3,H_PROJECT,35,12.187865217824076,466762.5,0
dubins_car_parallel_parking_FU_INDE_RE_INDE_status_4_iter_3,H_MIRROR,58,12.187865217823932,869499.75,0
dubins_car_parallel_parking_FU_INDE_RE_INDE_status_4_iter_3,H_GMW,68,12.187865218154043,44604.5,0
dubins_car_parallel_parking_FU_INDE_RE_INDE_status_4_iter_30,NO_REGULARIZE,8,1.0775745881630203,374,1
dubins_car_parallel_parking_FU_INDE_RE_INDE_status_4_iter_30,PM_MIRROR,22,-0.2784062524573548,2529.5,0
dubins_car_parallel_parking_FU_INDE_RE_INDE_status_4_iter_30,PM_GMW,24,-0.2784064350944646,1243.75,0
dubins_car_parallel_parking_FU_INDE_RE_INDE_status_4_iter_30,H_PROJECT,34,-0.004854630522702073,424327.0,0
dubins_car_parallel_parking_FU_INDE_RE_INDE_status_4_iter_30,H_MIRROR,55,-0.004854629818358881,911309.25,0
dubins_car_parallel_parking_FU_INDE_RE_INDE_status_4_iter_30,H_GMW,120,-0.004854630523058715,81936.25,2
dubins_car_parallel_parking_FU_INDE_RE_INDE_status_4_iter_32,NO_REGULARIZE,11,0.20413555214459717,522,1
dubins_car_parallel_parking_FU_INDE_RE_INDE_status_4_iter_32,PM_MIRROR,19,0.003772122288358941,1426.5,0
dubins_car_parallel_parking_FU_INDE_RE_INDE_status_4_iter_32,PM_GMW,19,0.0037721226141075198,967.5,0
dubins_car_parallel_parking_FU_INDE_RE_INDE_status_4_iter_32,H_PROJECT,37,-0.033204669501061344,382329.5,0
dubins_car_parallel_parking_FU_INDE_RE_INDE_status_4_iter_32,H_MIRROR,53,-0.03320466944608667,679058.0,0
dubins_car_parallel_parking_FU_INDE_RE_INDE_status_4_iter_32,H_GMW,58,-0.033204669501439354,32621.0,0
dubins_car_parallel_parking_FU_INDE_RE_INDE_status_4_iter_33,NO_REGULARIZE,9,0.8226772121915676,418,1
dubins_car_parallel_parking_FU_INDE_RE_INDE_status_4_iter_33,PM_MIRROR,21,-0.04215525999048092,1288.25,0
dubins_car_parallel_parking_FU_INDE_RE_INDE_status_4_iter_33,PM_GMW,21,-0.04215525999003109,1058.75,0
dubins_car_parallel_parking_FU_INDE_RE_INDE_status_4_iter_33,H_PROJECT,31,-0.04215525999089427,360885.75,0
dubins_car_parallel_parking_FU_INDE_RE_INDE_status_4_iter_33,H_MIRROR,59,-0.04215525994473028,975170.5,0
dubins_car_parallel_parking_FU_INDE_RE_INDE_status_4_iter_33,H_GMW,78,-0.04215525988861302,43138.0,0
dubins_car_parallel_parking_FU_INDE_RE_INDE_status_4_iter_34,NO_REGULARIZE,22,-0.025052669402866965,1100,0
dubins_car_parallel_parking_FU_INDE_RE_INDE_status_4_iter_34,PM_MIRROR,22,-0.025052669402866965,1100,0
dubins_car_parallel_parking_FU_INDE_RE_INDE_status_4_iter_34,PM_GMW,22,-0.025052669402866965,1100,0
dubins_car_parallel_parking_FU_INDE_RE_INDE_status_4_iter_34,H_PROJECT,22,-0.025052669402866965,1100,0
dubins_car_parallel_parking_FU_INDE_RE_INDE_status_4_iter_34,H_MIRROR,22,-0.025052669402866965,1100,0
dubins_car_parallel_parking_FU_INDE_RE_INDE_status_4_iter_34,H_GMW,22,-0.025052669402866965,1100,0
dubins_car_parallel_parking_FU_INDE_RE_INDE_status_4_iter_35,NO_REGULARIZE,24,-0.011357596261797892,1200,0
dubins_car_parallel_parking_FU_INDE_RE_INDE_status_4_iter_35,PM_MIRROR,24,-0.011357596261797892,1200,0
dubins_car_parallel_parking_FU_INDE_RE_INDE_status_4_iter_35,PM_GMW,24,-0.011357596261797892,1200,0
dubins_car_parallel_parking_FU_INDE_RE_INDE_status_4_iter_35,H_PROJECT,24,-0.011357596261797892,1200,0
dubins_car_parallel_parking_FU_INDE_RE_INDE_status_4_iter_35,H_MIRROR,24,-0.011357596261797892,1200,0
dubins_car_parallel_parking_FU_INDE_RE_INDE_status_4_iter_35,H_GMW,24,-0.011357596261797892,1200,0
dubins_car_parallel_parking_FU_INDE_RE_INDE_status_4_iter_36,NO_REGULARIZE,20,-0.01442906201808849,975,1
dubins_car_parallel_parking_FU_INDE_RE_INDE_status_4_iter_36,PM_MIRROR,24,-0.015629039243497404,1438.25,0
dubins_car_parallel_parking_FU_INDE_RE_INDE_status_4_iter_36,PM_GMW,24,-0.01562903948909277,1208.75,0
dubins_car_parallel_parking_FU_INDE_RE_INDE_status_4_iter_36,H_PROJECT,27,-0.01562903852937902,64781.25,0
dubins_car_parallel_parking_FU_INDE_RE_INDE_status_4_iter_36,H_MIRROR,29,-0.01562902480159021,107164.75,0
dubins_car_parallel_parking_FU_INDE_RE_INDE_status_4_iter_36,H_GMW,30,-0.015629023650989497,6477.5,0
dubins_car_parallel_parking_FU_INDE_RE_INDE_status_4_iter_38,NO_REGULARIZE,20,-0.009314695090513697,975,1
dubins_car_parallel_parking_FU_INDE_RE_INDE_status_4_iter_38,PM_MIRROR,24,-0.01040600635052251,1438.25,0
dubins_car_parallel_parking_FU_INDE_RE_INDE_status_4_iter_38,PM_GMW,24,-0.010406006387583116,1208.75,0
dubins_car_parallel_parking_FU_INDE_RE_INDE_status_4_iter_38,H_PROJECT,28,-0.010406006399983743,64831.25,0
dubins_car_parallel_parking_FU_INDE_RE_INDE_status_4_iter_38,H_MIRROR,30,-0.01040599697170587,128352.5,0
dubins_car_parallel_parking_FU_INDE_RE_INDE_status_4_iter_38,H_GMW,31,-0.010405997829026301,7356.75,0
dubins_car_parallel_parking_FU_INDE_RE_INDE_status_4_iter_39,NO_REGULARIZE,22,6.425888837199194e-05,1100,0
dubins_car_parallel_parking_FU_INDE_RE_INDE_status_4_iter_39,PM_MIRROR,22,6.425888837199194e-05,1100,0
dubins_car_parallel_parking_FU_INDE_RE_INDE_status_4_iter_39,PM_GMW,22,6.425888837199194e-05,1100,0
dubins_car_parallel_parking_FU_INDE_RE_INDE_status_4_iter_39,H_PROJECT,22,6.425888837199194e-05,1100,0
dubins_car_parallel_parking_FU_INDE_RE_INDE_status_4_iter_39,H_MIRROR,22,6.425888837199194e-05,1100,0
dubins_car_parallel_parking_FU_INDE_RE_INDE_status_4_iter_39,H_GMW,22,6.425888837199194e-05,1100,0
dubins_car_parallel_parking_FU_INDE_RE_INDE_status_4_iter_40,NO_REGULARIZE,22,3.1866560841753975e-05,1100,0
dubins_car_parallel_parking_FU_INDE_RE_INDE_status_4_iter_40,PM_MIRROR,22,3.1866560841753975e-05,1100,0
dubins_car_parallel_parking_FU_INDE_RE_INDE_status_4_iter_40,PM_GMW,22,3.1866560841753975e-05,1100,0
dubins_car_parallel_parking_FU_INDE_RE_INDE_status_4_iter_40,H_PROJECT,22,3.1866560841753975e-05,1100,0
dubins_car_parallel_parking_FU_INDE_RE_INDE_status_4_iter_40,H_MIRROR,22,3.1866560841753975e-05,1100,0
dubins_car_parallel_parking_FU_INDE_RE_INDE_status_4_iter_40,H_GMW,22,3.1866560841753975e-05,1100,0
dubins_car_parallel_parking_FU_INDE_RE_INDE_status_4_iter_41,NO_REGULARIZE,22,3.265576656302154e-05,1100,0
dubins_car_parallel_parking_FU_INDE_RE_INDE_status_4_iter_41,PM_MIRROR,22,3.265576656302154e-05,1100,0
dubins_car_parallel_parking_FU_INDE_RE_INDE_status_4_iter_41,PM_GMW,22,3.265576656302154e-05,1100,0
dubins_car_parallel_parking_FU_INDE_RE_INDE_status_4_iter_41,H_PROJECT,22,3.265576656302154e-05,1100,0
dubins_car_parallel_parking_FU_INDE_RE_INDE_status_4_iter_41,H_MIRROR,22,3.265576656302154e-05,1100,0
dubins_car_parallel_parking_FU_INDE_RE_INDE_status_4_iter_41,H_GMW,22,3.265576656302154e-05,1100,0
dubins_car_parallel_parking_FU_INDE_RE_INDE_status_4_iter_42,NO_REGULARIZE,22,3.268692925286045e-05,1100,0
dubins_car_parallel_parking_FU_INDE_RE_INDE_status_4_iter_42,PM_MIRROR,22,3.268692925286045e-05,1100,0
dubins_car_parallel_parking_FU_INDE_RE_INDE_status_4_iter_42,PM_GMW,22,3.268692925286045e-05,1100,0
dubins_car_parallel_parking_FU_INDE_RE_INDE_status_4_iter_42,H_PROJECT,22,3.268692925286045e-05,1100,0
dubins_car_parallel_parking_FU_INDE_RE_INDE_status_4_iter_42,H_MIRROR,22,3.268692925286045e-05,1100,0
dubins_car_parallel_parking_FU_INDE_RE_INDE_status_4_iter_42,H_GMW,22,3.268692925286045e-05,1100,0
dubins_car_parallel_parking_FU_INDE_RE_INDE_status_4_iter_6,NO_REGULARIZE,1,-0.7468232934473742,19,1
dubins_car_parallel_parking_FU_INDE_RE_INDE_status_4_iter_6,PM_MIRROR,87,-254.14713133432005,57718.0,0
dubins_car_parallel_parking_FU_INDE_RE_INDE_status_4_iter_6,PM_GMW,84,-254.14713133404612,5696.25,0
dubins_car_parallel_parking_FU_INDE_RE_INDE_status_4_iter_6,H_PROJECT,120,-254.14713133478614,745255.25,2
dubins_car_parallel_parking_FU_INDE_RE_INDE_status_4_iter_6,H_MIRROR,53,-245.05783834081606,1069165.375,1
dubins_car_parallel_parking_FU_INDE_RE_INDE_status_4_iter_6,H_GMW,120,-81.95930150263985,102470.0,2
dubins_car_parallel_parking_FU_INDE_RE_INDE_status_4_iter_7,NO_REGULARIZE,13,-0.5978012819313148,619,1
dubins_car_parallel_parking_FU_INDE_RE_INDE_status_4_iter_7,PM_MIRROR,20,-0.6404147670666942,1476.5,0
dubins_car_parallel_parking_FU_INDE_RE_INDE_status_4_iter_7,PM_GMW,20,-0.6404147755932199,1017.5,0
dubins_car_parallel_parking_FU_INDE_RE_INDE_status_4_iter_7,H_PROJECT,29,-0.6404147836232867,191635.75,0
dubins_car_parallel_parking_FU_INDE_RE_INDE_status_4_iter_7,H_MIRROR,36,-0.6404147836643448,339908.0,0
dubins_car_parallel_parking_FU_INDE_RE_INDE_status_4_iter_7,H_GMW,42,-0.6404147830976408,20942.75,0
dubins_car_parallel_parking_FU_INDE_RE_INDE_status_4_iter_8,NO_REGULARIZE,9,0.3181658738628013,417,1
dubins_car_parallel_parking_FU_INDE_RE_INDE_status_4_iter_8,PM_MIRROR,26,-0.5913707700836589,4397.25,0
dubins_car_parallel_parking_FU_INDE_RE_INDE_status_4_iter_8,PM_GMW,21,-0.5913707696243437,1093.75,0
dubins_car_parallel_parking_FU_INDE_RE_INDE_status_4_iter_8,H_PROJECT,51,-0.5913707700836299,509654.0,0
dubins_car_parallel_parking_FU_INDE_RE_INDE_status_4_iter_8,H_MIRROR,70,-0.5913707700836531,954320.75,0
dubins_car_parallel_parking_FU_INDE_RE_INDE_status_4_iter_8,H_GMW,82,-0.5913707700798263,46483.0,0
dubins_car_parallel_parking_FU_INDE_RE_INDE_status_4_iter_9,NO_REGULARIZE,10,0.8532037076811332,467,1
dubins_car_parallel_parking_FU_INDE_RE_INDE_status_4_iter_9,PM_MIRROR,29,-0.374210078135328,3117.75,0
dubins_car_parallel_parking_FU_INDE_RE_INDE_status_4_iter_9,PM_GMW,30,-0.37421009816463624,1552.5,0
dubins_car_parallel_parking_FU_INDE_RE_INDE_status_4_iter_9,H_PROJECT,45,-0.37421010497255097,615150.75,0
dubins_car_parallel_parking_FU_INDE_RE_INDE_status_4_iter_9,H_MIRROR,99,-0.37421010497307744,1505562.25,0
dubins_car_parallel_parking_FU_INDE_RE_INDE_status_4_iter_9,H_GMW,106,-0.37421010497292134,73489.75,0
free_flying_robot_FU_INDE_RE_INDE_status_4_iter_12,NO_REGULARIZE,2,-2.838490110515908,140,1
free_flying_robot_FU_INDE_RE_INDE_status_4_iter_12,PM_MIRROR,48,-9925.22184780687,12662.25,0
free_flying_robot_FU_INDE_RE_INDE_status_4_iter_12,PM_GMW,49,-9925.221848328541,5180.0,0
free_flying_robot_FU_INDE_RE_INDE_status_4_iter_12,H_PROJECT,120,-657.1549308495975,5039442.5,2
free_flying_robot_FU_INDE_RE_INDE_status_4_iter_12,H_MIRROR,120,-37.63461938138859,5039648.5,2
free_flying_robot_FU_INDE_RE_INDE_status_4_iter_12,H_GMW,120,-25.743969196902068,204711.5,2
free_flying_robot_FU_INDE_RE_INDE_status_4_iter_13,NO_REGULARIZE,2,-9.875455030679758,144,1
free_flying_robot_FU_INDE_RE_INDE_status_4_iter_13,PM_MIRROR,32,-6919.6911762839945,6773.75,0
free_flying_robot_FU_INDE_RE_INDE_status_4_iter_13,PM_GMW,33,-6919.691177441819,3422.5,0
free_flying_robot_FU_INDE_RE_INDE_status_4_iter_13,H_PROJECT,120,-538.5817164358145,5039542.5,2
free_flying_robot_FU_INDE_RE_INDE_status_4_iter_13,H_MIRROR,120,-132.73923277962814,5039620.5,2
free_flying_robot_FU_INDE_RE_INDE_status_4_iter_13,H_GMW,120,-84.04873451220998,205083.5,2
free_flying_robot_FU_INDE_RE_INDE_status_4_iter_14,NO_REGULARIZE,2,1.2439095442558377,142,1
free_flying_robot_FU_INDE_RE_INDE_status_4_iter_14,PM_MIRROR,106,-5617.470098259698,32280.75,0
free_flying_robot_FU_INDE_RE_INDE_status_4_iter_14,PM_GMW,49,-8644.164683930425,5092.5,0
free_flying_robot_FU_INDE_RE_INDE_status_4_iter_14,H_PROJECT,120,-9.763161726205563,5039718.5,2
free_flying_robot_FU_INDE_RE_INDE_status_4_iter_14,H_MIRROR,120,-9.735242759820133,5039716.5,2
free_flying_robot_FU_INDE_RE_INDE_status_4_iter_14,H_GMW,120,-9.010064681459838,205311.5,2
free_flying_robot_FU_INDE_RE_INDE_status_4_iter_15,NO_REGULARIZE,2,10.306094062629949,144,1
free_flying_robot_FU_INDE_RE_INDE_status_4_iter_15,PM_MIRROR,41,-3432.895683984107,9818.0,0
free_flying_robot_FU_INDE_RE_INDE_status_4_iter_15,PM_GMW,46,-4542.834671997965,4775.0,0
free_flying_robot_FU_INDE_RE_INDE_status_4_iter_15,H_PROJECT,120,-7.878452805279751,5040428.5,2
free_flying_robot_FU_INDE_RE_INDE_status_4_iter_15,H_MIRROR,120,-7.1487792247719195,5040428.5,2
free_flying_robot_FU_INDE_RE_INDE_status_4_iter_15,H_GMW,120,-7.530637580273716,205997.5,2
free_flying_robot_FU_INDE_RE_INDE_status_4_iter_16,NO_REGULARIZE,2,1.111494538476875,146,1
free_flying_robot_FU_INDE_RE_INDE_status_4_iter_16,PM_MIRROR,50,-11331.21632977694,10479.75,0
free_flying_robot_FU_INDE_RE_INDE_status_4_iter_16,PM_GMW,52,-11331.216330828824,5410.0,0
free_flying_robot_FU_INDE_RE_INDE_status_4_iter_16,H_PROJECT,120,-17.416152799021233,5039486.5,2
free_flying_robot_FU_INDE_RE_INDE_status_4_iter_16,H_MIRROR,120,-12.506882225960155,5039490.5,2
free_flying_robot_FU_INDE_RE_INDE_status_4_iter_16,H_GMW,120,-15.545000458154032,205085.5,2
free_flying_robot_FU_INDE_RE_INDE_status_4_iter_17,NO_REGULARIZE,3,-15.373187777532465,237,1
free_flying_robot_FU_INDE_RE_INDE_status_4_iter_17,PM_MIRROR,49,-7719.38131252172,9903.25,0
free_flying_robot_FU_INDE_RE_INDE_status_4_iter_17,PM_GMW,48,-7719.381311718276,4966.25,0
free_flying_robot_FU_INDE_RE_INDE_status_4_iter_17,H_PROJECT,120,-247.43895634280221,4997461.0,2
free_flying_robot_FU_INDE_RE_INDE_status_4_iter_17,H_MIRROR,120,-117.56419079340122,4997461.0,2
free_flying_robot_FU_INDE_RE_INDE_status_4_iter_17,H_GMW,120,-347.21831430746636,203711.0,2
free_flying_robot_FU_INDE_RE_INDE_status_4_iter_18,NO_REGULARIZE,3,4.675226722046178,236,1
free_flying_robot_FU_INDE_RE_INDE_status_4_iter_18,PM_MIRROR,55,-5226.737935726199,11456.25,0
free_flying_robot_FU_INDE_RE_INDE_status_4_iter_18,PM_GMW,55,-5226.73793663385,5718.75,0
free_flying_robot_FU_INDE_RE_INDE_status_4_iter_18,H_PROJECT,120,-26.062229648950645,4997687.0,2
free_flying_robot_FU_INDE_RE_INDE_status_4_iter_18,H_MIRROR,120,-13.318151764384936,4997687.0,2
free_flying_robot_FU_INDE_RE_INDE_status_4_iter_18,H_GMW,120,-18.06754295340261,203931.0,2
free_flying_robot_FU_INDE_RE_INDE_status_4_iter_19,NO_REGULARIZE,3,0.6332438874334982,234,1
free_flying_robot_FU_INDE_RE_INDE_status_4_iter_19,PM_MIRROR,86,-12092.660161383967,21227.25,0
free_flying_robot_FU_INDE_RE_INDE_status_4_iter_19,PM_GMW,96,-12092.660162818198,10142.5,0
free_flying_robot_FU_INDE_RE_INDE_status_4_iter_19,H_PROJECT,120,-8.291720668775493,4996981.0,2
free_flying_robot_FU_INDE_RE_INDE_status_4_iter_19,H_MIRROR,120,-7.96629319594709,4996981.0,2
free_flying_robot_FU_INDE_RE_INDE_status_4_iter_19,H_GMW,120,-8.227104656816993,203231.0,2
free_flying_robot_FU_INDE_RE_INDE_status_4_iter_20,NO_REGULARIZE,3,1.0333462686758157,237,1
free_flying_robot_FU_INDE_RE_INDE_status_4_iter_20,PM_MIRROR,64,-6336.504979392873,17836.0,0
free_flying_robot_FU_INDE_RE_INDE_status_4_iter_20,PM_GMW,57,-6336.504979669342,6050.0,0
free_flying_robot_FU_INDE_RE_INDE_status_4_iter_20,H_PROJECT,120,-6.530832802255955,4996987.0,2
free_flying_robot_FU_INDE_RE_INDE_status_4_iter_20,H_MIRROR,120,-6.358144228568751,4996987.0,2
free_flying_robot_FU_INDE_RE_INDE_status_4_iter_20,H_GMW,120,-6.27409448333422,203235.0,2
free_flying_robot_FU_INDE_RE_INDE_status_4_iter_21,NO_REGULARIZE,3,-1.9955824141199876,242,1
free_flying_robot_FU_INDE_RE_INDE_status_4_iter_21,PM_MIRROR,48,-6048.097023203146,12185.75,0
free_flying_robot_FU_INDE_RE_INDE_status_4_iter_21,PM_GMW,48,-6048.097024417736,5071.25,0
free_flying_robot_FU_INDE_RE_INDE_status_4_iter_21,H_PROJECT,120,-96.47568917351992,4997221.0,2
free_flying_robot_FU_INDE_RE_INDE_status_4_iter_21,H_MIRROR,120,-42.93858276636004,4997279.0,2
free_flying_robot_FU_INDE_RE_INDE_status_4_iter_21,H_GMW,120,-36.63244025315132,203087.0,2
free_flying_robot_FU_INDE_RE_INDE_status_4_iter_22,NO_REGULARIZE,3,-7.500608031438025,243,1
free_flying_robot_FU_INDE_RE_INDE_status_4_iter_22,PM_MIRROR,44,-5889.803215382429,11071.0,0
free_flying_robot_FU_INDE_RE_INDE_status_4_iter_22,PM_GMW,46,-5889.803215815577,4862.5,0
free_flying_robot_FU_INDE_RE_INDE_status_4_iter_22,H_PROJECT,120,-700.0256670704777,4997017.0,2
free_flying_robot_FU_INDE_RE_INDE_status_4_iter_22,H_MIRROR,120,-72.54836207759203,4997219.0,2
free_flying_robot_FU_INDE_RE_INDE_status_4_iter_22,H_GMW,120,-97.71891728458284,203067.0,2
free_flying_robot_FU_INDE_RE_INDE_status_4_iter_23,NO_REGULARIZE,3,-2.4547724840823917,243,1
free_flying_robot_FU_INDE_RE_INDE_status_4_iter_23,PM_MIRROR,44,-5457.9838355360225,11309.25,0
free_flying_robot_FU_INDE_RE_INDE_status_4_iter_23,PM_GMW,46,-5457.983835702366,4862.5,0
free_flying_robot_FU_INDE_RE_INDE_status_4_iter_23,H_PROJECT,120,-161.34970140206048,4997023.0,2
free_flying_robot_FU_INDE_RE_INDE_status_4_iter_23,H_MIRROR,120,-40.27981478168508,4997265.0,2
free_flying_robot_FU_INDE_RE_INDE_status_4_iter_23,H_GMW,120,-46.113187187485494,203015.0,2
free_flying_robot_FU_INDE_RE_INDE_status_4_iter_24,NO_REGULARIZE,3,2.0226597719655612,242,1
free_flying_robot_FU_INDE_RE_INDE_status_4_iter_24,PM_MIRROR,43,-4627.4686666253065,10971.0,0
free_flying_robot_FU_INDE_RE_INDE_status_4_iter_24,PM_GMW,45,-4627.468667442708,4753.75,0
free_flying_robot_FU_INDE_RE_INDE_status_4_iter_24,H_PROJECT,120,-90.98021704137517,4997411.0,2
free_flying_robot_FU_INDE_RE_INDE_status_4_iter_24,H_MIRROR,120,-15.97689262894447,4997523.0,2
free_flying_robot_FU_INDE_RE_INDE_status_4_iter_24,H_GMW,120,-20.628411404159433,203295.0,2
free_flying_robot_FU_INDE_RE_INDE_status_4_iter_25,NO_REGULARIZE,3,4.09546320073579,242,1
free_flying_robot_FU_INDE_RE_INDE_status_4_iter_25,PM_MIRROR,41,-3445.8596260497256,9818.0,0
free_flying_robot_FU_INDE_RE_INDE_status_4_iter_25,PM_GMW,43,-3445.8596267387593,4527.5,0
free_flying_robot_FU_INDE_RE_INDE_status_4_iter_25,H_PROJECT,120,-13.332632288167371,4997669.0,2
free_flying_robot_FU_INDE_RE_INDE_status_4_iter_25,H_MIRROR,120,-10.361076107220924,4997473.0,2
free_flying_robot_FU_INDE_RE_INDE_status_4_iter_25,H_GMW,120,-12.562072642840537,203717.0,2
free_flying_robot_FU_INDE_RE_INDE_status_4_iter_26,NO_REGULARIZE,3,5.211288671572503,243,1
free_flying_robot_FU_INDE_RE_INDE_status_4_iter_26,PM_MIRROR,39,-2036.1221035384774,8903.25,0
free_flying_robot_FU_INDE_RE_INDE_status_4_iter_26,PM_GMW,37,-2036.1221020918015,3883.75,0
free_flying_robot_FU_INDE_RE_INDE_status_4_iter_26,H_PROJECT,120,-7.145539325452235,4998189.0,2
free_flying_robot_FU_INDE_RE_INDE_status_4_iter_26,H_MIRROR,120,-5.699281024701577,4998231.0,2
free_flying_robot_FU_INDE_RE_INDE_status_4_iter_26,H_GMW,120,-6.4612647060970785,204531.0,2
free_flying_robot_FU_INDE_RE_INDE_status_4_iter_27,NO_REGULARIZE,3,5.964041785931937,246,1
free_flying_robot_FU_INDE_RE_INDE_status_4_iter_27,PM_MIRROR,29,-594.9740121293048,5997.25,0
free_flying_robot_FU_INDE_RE_INDE_status_4_iter_27,PM_GMW,29,-594.9740118043999,3013.75,0
free_flying_robot_FU_INDE_RE_INDE_status_4_iter_27,H_PROJECT,120,-4.375730895886748,4999575.0,2
free_flying_robot_FU_INDE_RE_INDE_status_4_iter_27,H_MIRROR,120,-3.7090225367207874,4999575.0,2
free_flying_robot_FU_INDE_RE_INDE_status_4_iter_27,H_GMW,120,-3.3635001906465845,205819.0,2
free_flying_robot_FU_INDE_RE_INDE_status_4_iter_28,NO_REGULARIZE,4,-12.959865571467185,339,1
free_flying_robot_FU_INDE_RE_INDE_status_4_iter_28,PM_MIRROR,30,-1569.1443302075613,4906.0,0
free_flying_robot_FU_INDE_RE_INDE_status_4_iter_28,PM_GMW,30,-1569.1443305148441,3070.0,0
free_flying_robot_FU_INDE_RE_INDE_status_4_iter_28,H_PROJECT,117,-1569.1443310334785,2716334.0,0
free_flying_robot_FU_INDE_RE_INDE_status_4_iter_28,H_MIRROR,120,-973.3837943046867,4956267.5,2
free_flying_robot_FU_INDE_RE_INDE_status_4_iter_28,H_GMW,120,-644.7267840664449,203014.5,2
free_flying_robot_FU_INDE_RE_INDE_status_4_iter_3,NO_REGULARIZE,1,1.2416357497820056,40,1
free_flying_robot_FU_INDE_RE_INDE_status_4_iter_3,PM_MIRROR,39,-15900.312840063281,7950.25,0
free_flying_robot_FU_INDE_RE_INDE_status_4_iter_3,PM_GMW,44,-15900.31283931603,4575.0,0
free_flying_robot_FU_INDE_RE_INDE_status_4_iter_3,H_PROJECT,120,-4165.874058583192,5083846.0,2
free_flying_robot_FU_INDE_RE_INDE_status_4_iter_3,H_MIRROR,120,-556.1223081133668,5082620.0,2
free_flying_robot_FU_INDE_RE_INDE_status_4_iter_3,H_GMW,120,-212.38988054419838,206368.0,2
free_flying_robot_FU_INDE_RE_INDE_status_4_iter_5,NO_REGULARIZE,6,-639.8106724803071,545,1
free_flying_robot_FU_INDE_RE_INDE_status_4_iter_5,PM_MIRROR,25,-2444.663962790958,3453.0,0
free_flying_robot_FU_INDE_RE_INDE_status_4_iter_5,PM_GMW,25,-2444.663962535825,2535.0,0
free_flying_robot_FU_INDE_RE_INDE_status_4_iter_5,H_PROJECT,120,-1389.4730341858503,4789637.5,2
free_flying_robot_FU_INDE_RE_INDE_status_4_iter_5,H_MIRROR,120,-1032.4256177741615,4873670.5,2
free_flying_robot_FU_INDE_RE_INDE_status_4_iter_5,H_GMW,120,-877.6968245744658,201413.5,2
free_flying_robot_FU_INDE_RE_INDE_status_4_iter_6,NO_REGULARIZE,6,-545.3640598429654,545,1
free_flying_robot_FU_INDE_RE_INDE_status_4_iter_6,PM_MIRROR,27,-2130.145141998331,3414.75,0
free_flying_robot_FU_INDE_RE_INDE_status_4_iter_6,PM_GMW,27,-2130.1451419547384,2735.0,0
free_flying_robot_FU_INDE_RE_INDE_status_4_iter_6,H_PROJECT,120,-1744.0013800899528,2929159.5,2
free_flying_robot_FU_INDE_RE_INDE_status_4_iter_6,H_MIRROR,120,-902.3798780371939,4873648.5,2
free_flying_robot_FU_INDE_RE_INDE_status_4_iter_6,H_GMW,120,-778.0608568031704,201587.5,2
furuta_cons_FU_INDE_RE_INDE_status_4_iter_0,NO_REGULARIZE,1,0.0,12,1
furuta_cons_FU_INDE_RE_INDE_status_4_iter_0,PM_MIRROR,10,-417.5858517856643,10936.0,0
furuta_cons_FU_INDE_RE_INDE_status_4_iter_0,PM_GMW,10,-417.5858518275416,790.0,0
furuta_cons_FU_INDE_RE_INDE_status_4_iter_0,H_PROJECT,59,-417.5858518537892,6483574.0,0
furuta_cons_FU_INDE_RE_INDE_status_4_iter_0,H_MIRROR,97,-417.5858518537892,11480918.0,0
furuta_cons_FU_INDE_RE_INDE_status_4_iter_0,H_GMW,46,-417.5858518537892,197864.0,0
furuta_cons_FU_INDE_RE_INDE_status_4_iter_1,NO_REGULARIZE,1,0.0,12,1
furuta_cons_FU_INDE_RE_INDE_status_4_iter_1,PM_MIRROR,10,-417.6020794604381,10936.0,0
furuta_cons_FU_INDE_RE_INDE_status_4_iter_1,PM_GMW,10,-417.6020795022978,790.0,0
furuta_cons_FU_INDE_RE_INDE_status_4_iter_1,H_PROJECT,59,-417.60207952849527,6483574.0,0
furuta_cons_FU_INDE_RE_INDE_status_4_iter_1,H_MIRROR,97,-417.6020795284949,11480918.0,0
furuta_cons_FU_INDE_RE_INDE_status_4_iter_1,H_GMW,46,-417.602079528495,197864.0,0
furuta_cons_FU_INDE_RE_INDE_status_4_iter_11,NO_REGULARIZE,1,0.004661251956699997,15,1
furuta_cons_FU_INDE_RE_INDE_status_4_iter_11,PM_MIRROR,13,-264.5271033311304,4032.0,0
furuta_cons_FU_INDE_RE_INDE_status_4_iter_11,PM_GMW,13,-264.5271033311302,650.0,0
furuta_cons_FU_INDE_RE_INDE_status_4_iter_11,H_PROJECT,29,-264.5271033311311,2566648.0,0
furuta_cons_FU_INDE_RE_INDE_status_4_iter_11,H_MIRROR,63,-264.5271033311313,5943604.0,0
furuta_cons_FU_INDE_RE_INDE_status_4_iter_11,H_GMW,56,-264.52710327572015,238524.0,0
furuta_cons_FU_INDE_RE_INDE_status_4_iter_12,NO_REGULARIZE,2,-0.09356729846549862,49,1
furuta_cons_FU_INDE_RE_INDE_status_4_iter_12,PM_MIRROR,15,-21.06949220531929,32208.0,0
furuta_cons_FU_INDE_RE_INDE_status_4_iter_12,PM_GMW,13,-21.069491673518176,1170.0,0
furuta_cons_FU_INDE_RE_INDE_status_4_iter_12,H_PROJECT,17,-21.069490054558486,1485892.0,0
furuta_cons_FU_INDE_RE_INDE_status_4_iter_12,H_MIRROR,31,-21.06949220531944,2971664.0,0
furuta_cons_FU_INDE_RE_INDE_status_4_iter_12,H_GMW,32,-21.06949220531944,101654.0,0
furuta_cons_FU_INDE_RE_INDE_status_4_iter_13,NO_REGULARIZE,2,-0.7331302838280959,53,1
furuta_cons_FU_INDE_RE_INDE_status_4_iter_13,PM_MIRROR,9,-7.493735154655179,3872.0,0
furuta_cons_FU_INDE_RE_INDE_status_4_iter_13,PM_GMW,9,-7.493735154654789,490.0,0
furuta_cons_FU_INDE_RE_INDE_status_4_iter_13,H_PROJECT,21,-7.493735154629227,1756106.0,0
furuta_cons_FU_INDE_RE_INDE_status_4_iter_13,H_MIRROR,40,-7.493735154657091,3782166.0,0
furuta_cons_FU_INDE_RE_INDE_status_4_iter_13,H_GMW,38,-7.493735154657088,142080.0,0
furuta_cons_FU_INDE_RE_INDE_status_4_iter_14,NO_REGULARIZE,1,0.007500011767199985,17,1
furuta_cons_FU_INDE_RE_INDE_status_4_iter_14,PM_MIRROR,11,-179.32689677597543,7464.0,0
furuta_cons_FU_INDE_RE_INDE_status_4_iter_14,PM_GMW,11,-179.3268966085994,570.0,0
furuta_cons_FU_INDE_RE_INDE_status_4_iter_14,H_PROJECT,20,-179.32689669187263,1080994.0,0
furuta_cons_FU_INDE_RE_INDE_status_4_iter_14,H_MIRROR,43,-179.3268967791997,4457420.0,0
furuta_cons_FU_INDE_RE_INDE_status_4_iter_14,H_GMW,56,-179.32689677920004,223186.0,0
furuta_cons_FU_INDE_RE_INDE_status_4_iter_15,NO_REGULARIZE,2,0.059357072231832245,52,1
furuta_cons_FU_INDE_RE_INDE_status_4_iter_15,PM_MIRROR,15,-9.654882942958263,21672.0,0
furuta_cons_FU_INDE_RE_INDE_status_4_iter_15,PM_GMW,12,-9.654882878319125,1260.0,0
furuta_cons_FU_INDE_RE_INDE_status_4_iter_15,H_PROJECT,13,-9.654882941994236,675620.0,0
furuta_cons_FU_INDE_RE_INDE_status_4_iter_15,H_MIRROR,21,-9.654882942957919,1486052.0,0
furuta_cons_FU_INDE_RE_INDE_status_4_iter_15,H_GMW,32,-9.65488294295826,81584.0,0
furuta_cons_FU_INDE_RE_INDE_status_4_iter_17,NO_REGULARIZE,2,-7.2374722717109545,57,1
furuta_cons_FU_INDE_RE_INDE_status_4_iter_17,PM_MIRROR,10,-26.878241002600173,3912.0,0
furuta_cons_FU_INDE_RE_INDE_status_4_iter_17,PM_GMW,10,-26.878241002575923,530.0,0
furuta_cons_FU_INDE_RE_INDE_status_4_iter_17,H_PROJECT,9,-26.87824085354464,270430.0,0
furuta_cons_FU_INDE_RE_INDE_status_4_iter_17,H_MIRROR,11,-26.878241002607798,405542.0,0
furuta_cons_FU_INDE_RE_INDE_status_4_iter_17,H_GMW,24,-26.878241002609883,101610.0,0
furuta_cons_FU_INDE_RE_INDE_status_4_iter_18,NO_REGULARIZE,2,0.020234448024499245,57,1
furuta_cons_FU_INDE_RE_INDE_status_4_iter_18,PM_MIRROR,11,-10.585202539486064,7464.0,0
furuta_cons_FU_INDE_RE_INDE_status_4_iter_18,PM_GMW,13,-10.585202540339218,1040.0,0
furuta_cons_FU_INDE_RE_INDE_status_4_iter_18,H_PROJECT,21,-10.58520254010797,1486110.0,0
furuta_cons_FU_INDE_RE_INDE_status_4_iter_18,H_MIRROR,39,-10.585202540339314,3242126.0,0
furuta_cons_FU_INDE_RE_INDE_status_4_iter_18,H_GMW,50,-10.585202540339322,202936.0,0
furuta_cons_FU_INDE_RE_INDE_status_4_iter_2,NO_REGULARIZE,1,-0.00039743976834958917,17,1
furuta_cons_FU_INDE_RE_INDE_status_4_iter_2,PM_MIRROR,38,-177.97902242051663,138488.0,0
furuta_cons_FU_INDE_RE_INDE_status_4_iter_2,PM_GMW,35,-177.979022418962,6340.0,0
furuta_cons_FU_INDE_RE_INDE_status_4_iter_2,H_PROJECT,95,-177.9790224205115,10535376.0,0
furuta_cons_FU_INDE_RE_INDE_status_4_iter_2,H_MIRROR,120,-255.54588610734316,16207170.0,2
furuta_cons_FU_INDE_RE_INDE_status_4_iter_2,H_GMW,120,-157.27324729424618,607290.0,2
furuta_cons_FU_INDE_RE_INDE_status_4_iter_20,NO_REGULARIZE,2,-0.6176492498624739,53,1
furuta_cons_FU_INDE_RE_INDE_status_4_iter_20,PM_MIRROR,12,-17.247216827342196,18040.0,0
furuta_cons_FU_INDE_RE_INDE_status_4_iter_20,PM_GMW,12,-17.24721672954991,1390.0,0
furuta_cons_FU_INDE_RE_INDE_status_4_iter_20,H_PROJECT,20,-17.24721682821098,1756124.0,0
furuta_cons_FU_INDE_RE_INDE_status_4_iter_20,H_MIRROR,39,-17.24721682821196,3917284.0,0
furuta_cons_FU_INDE_RE_INDE_status_4_iter_20,H_GMW,41,-17.24721682821195,152350.0,0
furuta_cons_FU_INDE_RE_INDE_status_4_iter_23,NO_REGULARIZE,1,0.04593356813071485,18,1
furuta_cons_FU_INDE_RE_INDE_status_4_iter_23,PM_MIRROR,28,-68.78876644171112,50288.0,0
furuta_cons_FU_INDE_RE_INDE_status_4_iter_23,PM_GMW,15,-68.78876648822606,1380.0,0
furuta_cons_FU_INDE_RE_INDE_status_4_iter_23,H_PROJECT,21,-4.418948377819446,2161290.0,0
furuta_cons_FU_INDE_RE_INDE_status_4_iter_23,H_MIRROR,27,-4.41894837781944,2836658.0,0
furuta_cons_FU_INDE_RE_INDE_status_4_iter_23,H_GMW,64,-4.418948377819451,288944.0,0
furuta_cons_FU_INDE_RE_INDE_status_4_iter_24,NO_REGULARIZE,3,-0.21129881053771868,91,1
furuta_cons_FU_INDE_RE_INDE_status_4_iter_24,PM_MIRROR,12,-4.670243460736114,11016.0,0
furuta_cons_FU_INDE_RE_INDE_status_4_iter_24,PM_GMW,12,-4.670243460736116,870.0,0
furuta_cons_FU_INDE_RE_INDE_status_4_iter_24,H_PROJECT,10,-4.6702434607357075,405488.0,0
furuta_cons_FU_INDE_RE_INDE_status_4_iter_24,H_MIRROR,14,-4.670243460736116,945730.0,0
furuta_cons_FU_INDE_RE_INDE_status_4_iter_24,H_GMW,18,-4.670243460699441,66034.0,0
furuta_cons_FU_INDE_RE_INDE_status_4_iter_26,NO_REGULARIZE,3,-1.1272821986157475,94,1
furuta_cons_FU_INDE_RE_INDE_status_4_iter_26,PM_MIRROR,8,-3.0493411762580003,3832.0,0
furuta_cons_FU_INDE_RE_INDE_status_4_iter_26,PM_GMW,8,-3.0493413295605625,450.0,0
furuta_cons_FU_INDE_RE_INDE_status_4_iter_26,H_PROJECT,9,-3.049341422176376,135388.0,0
furuta_cons_FU_INDE_RE_INDE_status_4_iter_26,H_MIRROR,9,-3.04934123069626,405446.0,0
furuta_cons_FU_INDE_RE_INDE_status_4_iter_26,H_GMW,14,-3.0493414299565567,35732.0,0
furuta_cons_FU_INDE_RE_INDE_status_4_iter_30,NO_REGULARIZE,2,-0.12574549890247727,53,1
furuta_cons_FU_INDE_RE_INDE_status_4_iter_30,PM_MIRROR,12,-7.484927502318748,14528.0,0
furuta_cons_FU_INDE_RE_INDE_status_4_iter_30,PM_GMW,13,-7.484927502326851,1170.0,0
furuta_cons_FU_INDE_RE_INDE_status_4_iter_30,H_PROJECT,11,-7.484927502326475,540554.0,0
furuta_cons_FU_INDE_RE_INDE_status_4_iter_30,H_MIRROR,15,-7.484927502326843,1080824.0,0
furuta_cons_FU_INDE_RE_INDE_status_4_iter_30,H_GMW,22,-7.484927502326004,71268.0,0
furuta_cons_FU_INDE_RE_INDE_status_4_iter_4,NO_REGULARIZE,8,-2.1190006138031148,320,0
furuta_cons_FU_INDE_RE_INDE_status_4_iter_4,PM_MIRROR,8,-2.1190006138031148,320,0
furuta_cons_FU_INDE_RE_INDE_status_4_iter_4,PM_GMW,8,-2.1190006138031148,320,0
furuta_cons_FU_INDE_RE_INDE_status_4_iter_4,H_PROJECT,8,-2.1190006138031148,320,0
furuta_cons_FU_INDE_RE_INDE_status_4_iter_4,H_MIRROR,8,-2.1190006138031148,320,0
furuta_cons_FU_INDE_RE_INDE_status_4_iter_4,H_GMW,8,-2.1190006138031148,320,0
furuta_cons_FU_INDE_RE_INDE_status_4_iter_5,NO_REGULARIZE,2,0.04613788368858107,47,1
furuta_cons_FU_INDE_RE_INDE_status_4_iter_5,PM_MIRROR,10,-6.1840461494696894,3912.0,0
furuta_cons_FU_INDE_RE_INDE_status_4_iter_5,PM_GMW,10,-6.18404614946969,530.0,0
furuta_cons_FU_INDE_RE_INDE_status_4_iter_5,H_PROJECT,10,-6.184046149469666,135414.0,0
furuta_cons_FU_INDE_RE_INDE_status_4_iter_5,H_MIRROR,15,-6.184046149469692,945718.0,0
furuta_cons_FU_INDE_RE_INDE_status_4_iter_5,H_GMW,22,-6.184046149469687,71100.0,0
furuta_cons_FU_INDE_RE_INDE_status_4_iter_6,NO_REGULARIZE,2,-4.477759570702564,55,1
furuta_cons_FU_INDE_RE_INDE_status_4_iter_6,PM_MIRROR,8,-30.682315849092213,3832.0,0
furuta_cons_FU_INDE_RE_INDE_status_4_iter_6,PM_GMW,8,-30.68231585533352,450.0,0
furuta_cons_FU_INDE_RE_INDE_status_4_iter_6,H_PROJECT,16,-30.682315868237385,945830.0,0
furuta_cons_FU_INDE_RE_INDE_status_4_iter_6,H_MIRROR,28,-30.68231586823736,1891478.0,0
furuta_cons_FU_INDE_RE_INDE_status_4_iter_6,H_GMW,32,-30.682315868237406,111838.0,0
furuta_cons_FU_INDE_RE_INDE_status_4_iter_8,NO_REGULARIZE,2,-0.021385201600832626,47,1
furuta_cons_FU_INDE_RE_INDE_status_4_iter_8,PM_MIRROR,15,-18.128407568176797,42744.0,0
furuta_cons_FU_INDE_RE_INDE_status_4_iter_8,PM_GMW,38,-18.128407568177003,5290.0,0
furuta_cons_FU_INDE_RE_INDE_status_4_iter_8,H_PROJECT,15,-18.128407567727262,1215754.0,0
furuta_cons_FU_INDE_RE_INDE_status_4_iter_8,H_MIRROR,28,-18.128407568177018,2701466.0,0
furuta_cons_FU_INDE_RE_INDE_status_4_iter_8,H_GMW,36,-18.12840756814199,161972.0,0
moonlander_FU_INDE_RE_INDE_status_4_iter_0,NO_REGULARIZE,3,41.90296806742675,143,1
moonlander_FU_INDE_RE_INDE_status_4_iter_0,PM_MIRROR,55,-4311.958458544741,54776.0,0
moonlander_FU_INDE_RE_INDE_status_4_iter_0,PM_GMW,52,-4311.958458544737,4800.0,0
moonlander_FU_INDE_RE_INDE_status_4_iter_0,H_PROJECT,43,-4311.958458544735,1869664.0,0
moonlander_FU_INDE_RE_INDE_status_4_iter_0,H_MIRROR,71,-4311.958458521894,4257168.0,0
moonlander_FU_INDE_RE_INDE_status_4_iter_0,H_GMW,120,-1667.1771767603086,430636.0,2
moonlander_FU_INDE_RE_INDE_status_4_iter_1,NO_REGULARIZE,3,41.90296806742675,143,1
moonlander_FU_INDE_RE_INDE_status_4_iter_1,PM_MIRROR,55,-4311.958458544741,54776.0,0
moonlander_FU_INDE_RE_INDE_status_4_iter_1,PM_GMW,52,-4311.958458544737,4800.0,0
moonlander_FU_INDE_RE_INDE_status_4_iter_1,H_PROJECT,43,-4311.958458544735,1869664.0,0
moonlander_FU_INDE_RE_INDE_status_4_iter_1,H_MIRROR,71,-4311.958458521894,4257168.0,0
moonlander_FU_INDE_RE_INDE_status_4_iter_1,H_GMW,120,-1667.1771767603086,430636.0,2
moonlander_FU_INDE_RE_INDE_status_4_iter_10,NO_REGULARIZE,3,0.11843542160992282,144,1
moonlander_FU_INDE_RE_INDE_status_4_iter_10,PM_MIRROR,39,-1707.252761717529,34134.0,0
moonlander_FU_INDE_RE_INDE_status_4_iter_10,PM_GMW,36,-1707.2527616281557,3056.0,0
moonlander_FU_INDE_RE_INDE_status_4_iter_10,H_PROJECT,30,-1707.2527617882793,1350278.0,0
moonlander_FU_INDE_RE_INDE_status_4_iter_10,H_MIRROR,47,-1707.252761772236,3218442.0,0
moonlander_FU_INDE_RE_INDE_status_4_iter_10,H_GMW,88,-1707.252761828257,250560.0,0
moonlander_FU_INDE_RE_INDE_status_4_iter_11,NO_REGULARIZE,4,-21.423435214640264,204,1
moonlander_FU_INDE_RE_INDE_status_4_iter_11,PM_MIRROR,34,-1542.309604159062,23236.0,0
moonlander_FU_INDE_RE_INDE_status_4_iter_11,PM_GMW,34,-1542.30960376436,2768.0,0
moonlander_FU_INDE_RE_INDE_status_4_iter_11,H_PROJECT,28,-1542.3096040900716,1246446.0,0
moonlander_FU_INDE_RE_INDE_status_4_iter_11,H_MIRROR,42,-1542.3096043145274,2492052.0,0
moonlander_FU_INDE_RE_INDE_status_4_iter_11,H_GMW,52,-1542.3096044077242,123748.0,0
moonlander_FU_INDE_RE_INDE_status_4_iter_12,NO_REGULARIZE,3,-1.3405561931215821,145,1
moonlander_FU_INDE_RE_INDE_status_4_iter_12,PM_MIRROR,34,-1367.3668946516777,23236.0,0
moonlander_FU_INDE_RE_INDE_status_4_iter_12,PM_GMW,35,-1367.3668946444495,2884.0,0
moonlander_FU_INDE_RE_INDE_status_4_iter_12,H_PROJECT,27,-1367.3668944351703,1350126.0,0
moonlander_FU_INDE_RE_INDE_status_4_iter_12,H_MIRROR,45,-1367.3668939246543,3010908.0,0
moonlander_FU_INDE_RE_INDE_status_4_iter_12,H_GMW,56,-1367.36689465234,159118.0,0
moonlander_FU_INDE_RE_INDE_status_4_iter_13,NO_REGULARIZE,4,-21.625762484861326,205,1
moonlander_FU_INDE_RE_INDE_status_4_iter_13,PM_MIRROR,33,-1196.712555658191,18634.0,0
moonlander_FU_INDE_RE_INDE_status_4_iter_13,PM_GMW,32,-1196.712555658191,2704.0,0
moonlander_FU_INDE_RE_INDE_status_4_iter_13,H_PROJECT,26,-1196.7125556581907,1142614.0,0
moonlander_FU_INDE_RE_INDE_status_4_iter_13,H_MIRROR,34,-1196.7125554358408,2180410.0,0
moonlander_FU_INDE_RE_INDE_status_4_iter_13,H_GMW,49,-1196.7125556581911,123602.0,0
moonlander_FU_INDE_RE_INDE_status_4_iter_14,NO_REGULARIZE,3,-7.793465599507863,145,1
moonlander_FU_INDE_RE_INDE_status_4_iter_14,PM_MIRROR,30,-1027.1015652649373,18454.0,0
moonlander_FU_INDE_RE_INDE_status_4_iter_14,PM_GMW,31,-1027.1015653303527,2532.0,0
moonlander_FU_INDE_RE_INDE_status_4_iter_14,H_PROJECT,26,-1027.101565334183,1246346.0,0
moonlander_FU_INDE_RE_INDE_status_4_iter_14,H_MIRROR,37,-1027.1015653267866,2284332.0,0
moonlander_FU_INDE_RE_INDE_status_4_iter_14,H_GMW,38,-1027.101565334911,87920.0,0
moonlander_FU_INDE_RE_INDE_status_4_iter_15,NO_REGULARIZE,4,-22.133683277538896,205,1
moonlander_FU_INDE_RE_INDE_status_4_iter_15,PM_MIRROR,27,-870.0656505553724,13732.0,0
moonlander_FU_INDE_RE_INDE_status_4_iter_15,PM_GMW,28,-870.0656505554388,2184.0,0
moonlander_FU_INDE_RE_INDE_status_4_iter_15,H_PROJECT,23,-870.0656505554389,727510.0,0
moonlander_FU_INDE_RE_INDE_status_4_iter_15,H_MIRROR,29,-870.0656504397142,1765204.0,0
moonlander_FU_INDE_RE_INDE_status_4_iter_15,H_GMW,30,-870.0656505549379,67996.0,0
moonlander_FU_INDE_RE_INDE_status_4_iter_17,NO_REGULARIZE,4,-35.63127607095402,207,1
moonlander_FU_INDE_RE_INDE_status_4_iter_17,PM_MIRROR,23,-586.195856033833,7436.0,0
moonlander_FU_INDE_RE_INDE_status_4_iter_17,PM_GMW,24,-586.1958560334601,1720.0,0
moonlander_FU_INDE_RE_INDE_status_4_iter_17,H_PROJECT,21,-586.1958559143378,727404.0,0
moonlander_FU_INDE_RE_INDE_status_4_iter_17,H_MIRROR,30,-586.1958560335834,1765284.0,0
moonlander_FU_INDE_RE_INDE_status_4_iter_17,H_GMW,34,-586.1958560336456,72122.0,0
moonlander_FU_INDE_RE_INDE_status_4_iter_18,NO_REGULARIZE,3,-7.074112363080609,150,1
moonlander_FU_INDE_RE_INDE_status_4_iter_18,PM_MIRROR,28,-454.11626973994487,18334.0,0
moonlander_FU_INDE_RE_INDE_status_4_iter_18,PM_GMW,28,-454.1162697354866,2352.0,0
moonlander_FU_INDE_RE_INDE_status_4_iter_18,H_PROJECT,23,-454.1162697393641,1038722.0,0
moonlander_FU_INDE_RE_INDE_status_4_iter_18,H_MIRROR,29,-454.11626973968157,1765224.0,0
moonlander_FU_INDE_RE_INDE_status_4_iter_18,H_GMW,31,-454.1162697399261,71964.0,0
moonlander_FU_INDE_RE_INDE_status_4_iter_2,NO_REGULARIZE,3,44.210624999533366,141,1
moonlander_FU_INDE_RE_INDE_status_4_iter_2,PM_MIRROR,48,-4355.823803304072,45272.0,0
moonlander_FU_INDE_RE_INDE_status_4_iter_2,PM_GMW,67,-4355.823803310297,6484.0,0
moonlander_FU_INDE_RE_INDE_status_4_iter_2,H_PROJECT,38,-4355.82380299255,2076780.0,0
moonlander_FU_INDE_RE_INDE_status_4_iter_2,H_MIRROR,76,-4355.823803307462,5087256.0,0
moonlander_FU_INDE_RE_INDE_status_4_iter_2,H_GMW,120,-1283.730925563317,403616.0,2
moonlander_FU_INDE_RE_INDE_status_4_iter_21,NO_REGULARIZE,3,-8.833890577940949,150,1
moonlander_FU_INDE_RE_INDE_status_4_iter_21,PM_MIRROR,22,-209.5945229324813,7376.0,0
moonlander_FU_INDE_RE_INDE_status_4_iter_21,PM_GMW,21,-209.59452289515582,1484.0,0
moonlander_FU_INDE_RE_INDE_status_4_iter_21,H_PROJECT,20,-209.59452298338465,519886.0,0
moonlander_FU_INDE_RE_INDE_status_4_iter_21,H_MIRROR,23,-209.59452298021583,831274.0,0
moonlander_FU_INDE_RE_INDE_status_4_iter_21,H_GMW,33,-209.59452298397522,87664.0,0
moonlander_FU_INDE_RE_INDE_status_4_iter_22,NO_REGULARIZE,4,-38.0328804880209,208,1
moonlander_FU_INDE_RE_INDE_status_4_iter_22,PM_MIRROR,24,-153.39696857116067,10524.0,0
moonlander_FU_INDE_RE_INDE_status_4_iter_22,PM_GMW,21,-153.3969685483261,1428.0,0
moonlander_FU_INDE_RE_INDE_status_4_iter_22,H_PROJECT,18,-153.39696848885356,208552.0,0
moonlander_FU_INDE_RE_INDE_status_4_iter_22,H_MIRROR,21,-153.39696857113725,623676.0,0
moonlander_FU_INDE_RE_INDE_status_4_iter_22,H_GMW,20,-153.39696855861715,28474.0,0
moonlander_FU_INDE_RE_INDE_status_4_iter_26,NO_REGULARIZE,3,2.7471217040317395,149,1
moonlander_FU_INDE_RE_INDE_status_4_iter_26,PM_MIRROR,13,-37.831489074661164,2294.0,0
moonlander_FU_INDE_RE_INDE_status_4_iter_26,PM_GMW,13,-37.83148907083202,836.0,0
moonlander_FU_INDE_RE_INDE_status_4_iter_26,H_PROJECT,14,-37.831489047356996,312050.0,0
moonlander_FU_INDE_RE_INDE_status_4_iter_26,H_MIRROR,16,-37.83148902792202,519644.0,0
moonlander_FU_INDE_RE_INDE_status_4_iter_26,H_GMW,15,-37.831489080882285,28176.0,0
moonlander_FU_INDE_RE_INDE_status_4_iter_3,NO_REGULARIZE,4,-36.302363746442644,203,1
moonlander_FU_INDE_RE_INDE_status_4_iter_3,PM_MIRROR,44,-2697.5673387022425,45032.0,0
moonlander_FU_INDE_RE_INDE_status_4_iter_3,PM_GMW,41,-2697.5673387012625,3468.0,0
moonlander_FU_INDE_RE_INDE_status_4_iter_3,H_PROJECT,35,-2697.5673387035185,2076706.0,0
moonlander_FU_INDE_RE_INDE_status_4_iter_3,H_MIRROR,59,-2697.567338700509,4256458.0,0
moonlander_FU_INDE_RE_INDE_status_4_iter_3,H_GMW,120,-1375.269928195769,450474.0,2
moonlander_FU_INDE_RE_INDE_status_4_iter_4,NO_REGULARIZE,4,-29.78047501883077,202,1
moonlander_FU_INDE_RE_INDE_status_4_iter_4,PM_MIRROR,48,-3391.8560732439864,45272.0,0
moonlander_FU_INDE_RE_INDE_status_4_iter_4,PM_GMW,44,-3391.8560732429673,3704.0,0
moonlander_FU_INDE_RE_INDE_status_4_iter_4,H_PROJECT,36,-3391.85607324399,2076746.0,0
moonlander_FU_INDE_RE_INDE_status_4_iter_4,H_MIRROR,54,-3391.856073243522,4048678.0,0
moonlander_FU_INDE_RE_INDE_status_4_iter_4,H_GMW,120,-3201.5324660866777,404016.0,2
moonlander_FU_INDE_RE_INDE_status_4_iter_5,NO_REGULARIZE,3,-2.6755297565215037,143,1
moonlander_FU_INDE_RE_INDE_status_4_iter_5,PM_MIRROR,54,-2840.6186135685884,54716.0,0
moonlander_FU_INDE_RE_INDE_status_4_iter_5,PM_GMW,55,-2840.618613947436,4868.0,0
moonlander_FU_INDE_RE_INDE_status_4_iter_5,H_PROJECT,39,-2840.618613676067,2284378.0,0
moonlander_FU_INDE_RE_INDE_status_4_iter_5,H_MIRROR,69,-2840.6186138415533,5294318.0,0
moonlander_FU_INDE_RE_INDE_status_4_iter_5,H_GMW,98,-2840.618614085693,231450.0,0
moonlander_FU_INDE_RE_INDE_status_4_iter_6,NO_REGULARIZE,4,-19.189467809155396,202,1
moonlander_FU_INDE_RE_INDE_status_4_iter_6,PM_MIRROR,50,-2535.087562185092,40850.0,0
moonlander_FU_INDE_RE_INDE_status_4_iter_6,PM_GMW,45,-2535.0875616579146,3764.0,0
moonlander_FU_INDE_RE_INDE_status_4_iter_6,H_PROJECT,37,-2535.0875621866344,1765620.0,0
moonlander_FU_INDE_RE_INDE_status_4_iter_6,H_MIRROR,57,-2535.0875620116144,4048880.0,0
moonlander_FU_INDE_RE_INDE_status_4_iter_6,H_GMW,60,-2535.087562083095,143622.0,0
moonlander_FU_INDE_RE_INDE_status_4_iter_7,NO_REGULARIZE,4,-26.263859158052206,203,1
moonlander_FU_INDE_RE_INDE_status_4_iter_7,PM_MIRROR,46,-2307.922480386298,39096.0,0
moonlander_FU_INDE_RE_INDE_status_4_iter_7,PM_GMW,45,-2307.9224798376963,3708.0,0
moonlander_FU_INDE_RE_INDE_status_4_iter_7,H_PROJECT,32,-2307.922480329173,1765330.0,0
moonlander_FU_INDE_RE_INDE_status_4_iter_7,H_MIRROR,49,-2307.9224804049954,3426026.0,0
moonlander_FU_INDE_RE_INDE_status_4_iter_7,H_GMW,43,-2307.922480411107,92038.0,0
moonlander_FU_INDE_RE_INDE_status_4_iter_8,NO_REGULARIZE,3,2.1384642067845125,143,1
moonlander_FU_INDE_RE_INDE_status_4_iter_8,PM_MIRROR,45,-2076.992469832187,36008.0,0
moonlander_FU_INDE_RE_INDE_status_4_iter_8,PM_GMW,45,-2076.9924698127293,3820.0,0
moonlander_FU_INDE_RE_INDE_status_4_iter_8,H_PROJECT,35,-2076.9924698321843,1972964.0,0
moonlander_FU_INDE_RE_INDE_status_4_iter_8,H_MIRROR,55,-2076.9924698321875,3737550.0,0
moonlander_FU_INDE_RE_INDE_status_4_iter_8,H_GMW,56,-2076.992469829771,127774.0,0
moonlander_FU_INDE_RE_INDE_status_4_iter_9,NO_REGULARIZE,4,-16.875050067750895,203,1
moonlander_FU_INDE_RE_INDE_status_4_iter_9,PM_MIRROR,35,-1897.0031305431917,21782.0,0
moonlander_FU_INDE_RE_INDE_status_4_iter_9,PM_GMW,44,-1897.003130560915,3760.0,0
moonlander_FU_INDE_RE_INDE_status_4_iter_9,H_PROJECT,30,-1897.0031305725227,1350294.0,0
moonlander_FU_INDE_RE_INDE_status_4_iter_9,H_MIRROR,47,-1897.003130532349,2907252.0,0
moonlander_FU_INDE_RE_INDE_status_4_iter_9,H_GMW,55,-1897.0031305801822,96700.0,0
overhead_crane_FU_INDE_RE_INDE_status_4_iter_11,NO_REGULARIZE,7,0.4753230575231943,491,1
overhead_crane_FU_INDE_RE_INDE_status_4_iter_11,PM_MIRROR,100,-0.7634551213055033,92784.0,0
overhead_crane_FU_INDE_RE_INDE_status_4_iter_11,PM_GMW,67,-0.763455121305519,6928.0,0
overhead_crane_FU_INDE_RE_INDE_status_4_iter_11,H_PROJECT,30,-0.49385766805935744,2836784.0,1
overhead_crane_FU_INDE_RE_INDE_status_4_iter_11,H_MIRROR,58,-0.47666201953297554,6710658.0,1
overhead_crane_FU_INDE_RE_INDE_status_4_iter_11,H_GMW,14,0.10146068229949518,39548.0,1
overhead_crane_FU_INDE_RE_INDE_status_4_iter_12,NO_REGULARIZE,5,-2.6697874202051963,352,1
overhead_crane_FU_INDE_RE_INDE_status_4_iter_12,PM_MIRROR,28,-56.211478214530416,9810.0,0
overhead_crane_FU_INDE_RE_INDE_status_4_iter_12,PM_GMW,28,-56.21147824471685,2408.0,0
overhead_crane_FU_INDE_RE_INDE_status_4_iter_12,H_PROJECT,27,-56.211478279678005,693702.0,0
overhead_crane_FU_INDE_RE_INDE_status_4_iter_12,H_MIRROR,34,-56.2114782447431,970882.0,0
overhead_crane_FU_INDE_RE_INDE_status_4_iter_12,H_GMW,40,-56.21147827706779,49904.0,0
overhead_crane_FU_INDE_RE_INDE_status_4_iter_13,NO_REGULARIZE,3,2.079537547018426,168,1
overhead_crane_FU_INDE_RE_INDE_status_4_iter_13,PM_MIRROR,21,-10.171362446508585,4708.0,0
overhead_crane_FU_INDE_RE_INDE_status_4_iter_13,PM_GMW,23,-10.171362446508558,1952.0,0
overhead_crane_FU_INDE_RE_INDE_status_4_iter_13,H_PROJECT,120,-8.41329087990037,15357960.0,2
overhead_crane_FU_INDE_RE_INDE_status_4_iter_13,H_MIRROR,120,-5.765652373654219,16325250.0,2
overhead_crane_FU_INDE_RE_INDE_status_4_iter_13,H_GMW,7,0.916531987042409,23590.0,1
overhead_crane_FU_INDE_RE_INDE_status_4_iter_14,NO_REGULARIZE,15,-1.85132678595712,1200,0
overhead_crane_FU_INDE_RE_INDE_status_4_iter_14,PM_MIRROR,15,-1.85132678595712,1200,0
overhead_crane_FU_INDE_RE_INDE_status_4_iter_14,PM_GMW,15,-1.85132678595712,1200,0
overhead_crane_FU_INDE_RE_INDE_status_4_iter_14,H_PROJECT,15,-1.85132678595712,1200,0
overhead_crane_FU_INDE_RE_INDE_status_4_iter_14,H_MIRROR,15,-1.85132678595712,1200,0
overhead_crane_FU_INDE_RE_INDE_status_4_iter_14,H_GMW,15,-1.85132678595712,1200,0
overhead_crane_FU_INDE_RE_INDE_status_4_iter_15,NO_REGULARIZE,3,1.2562090557691508,169,1
overhead_crane_FU_INDE_RE_INDE_status_4_iter_15,PM_MIRROR,27,-5.789342275854063,11244.0,0
overhead_crane_FU_INDE_RE_INDE_status_4_iter_15,PM_GMW,21,-5.789342276151007,1792.0,0
overhead_crane_FU_INDE_RE_INDE_status_4_iter_15,H_PROJECT,20,-5.789342276151026,1107614.0,0
overhead_crane_FU_INDE_RE_INDE_status_4_iter_15,H_MIRROR,32,-5.789342275909387,3044178.0,0
overhead_crane_FU_INDE_RE_INDE_status_4_iter_15,H_GMW,120,-4.094045186660514,533576.0,2
overhead_crane_FU_INDE_RE_INDE_status_4_iter_16,NO_REGULARIZE,5,0.47164880873464027,331,1
overhead_crane_FU_INDE_RE_INDE_status_4_iter_16,PM_MIRROR,18,-3.938181176501812,2954.0,0
overhead_crane_FU_INDE_RE_INDE_status_4_iter_16,PM_GMW,18,-3.9381811765872223,1496.0,0
overhead_crane_FU_INDE_RE_INDE_status_4_iter_16,H_PROJECT,18,-3.938181178359187,416202.0,0
overhead_crane_FU_INDE_RE_INDE_status_4_iter_16,H_MIRROR,23,-3.938181178743306,969614.0,0
overhead_crane_FU_INDE_RE_INDE_status_4_iter_16,H_GMW,120,-1.2024691873470548,604932.0,2
overhead_crane_FU_INDE_RE_INDE_status_4_iter_17,NO_REGULARIZE,7,0.19714232398456605,512,1
overhead_crane_FU_INDE_RE_INDE_status_4_iter_17,PM_MIRROR,16,-0.11084471265305626,2794.0,0
overhead_crane_FU_INDE_RE_INDE_status_4_iter_17,PM_GMW,16,-0.1108447126529955,1336.0,0
overhead_crane_FU_INDE_RE_INDE_status_4_iter_17,H_PROJECT,14,-0.1108447123665377,139424.0,0
overhead_crane_FU_INDE_RE_INDE_status_4_iter_17,H_MIRROR,15,-0.11084471265664954,277806.0,0
overhead_crane_FU_INDE_RE_INDE_status_4_iter_17,H_GMW,15,-0.1108447117095605,11566.0,0
overhead_crane_FU_INDE_RE_INDE_status_4_iter_18,NO_REGULARIZE,15,-0.12977441079291355,1200,0
overhead_crane_FU_INDE_RE_INDE_status_4_iter_18,PM_MIRROR,15,-0.12977441079291355,1200,0
overhead_crane_FU_INDE_RE_INDE_status_4_iter_18,PM_GMW,15,-0.12977441079291355,1200,0
overhead_crane_FU_INDE_RE_INDE_status_4_iter_18,H_PROJECT,15,-0.12977441079291355,1200,0
overhead_crane_FU_INDE_RE_INDE_status_4_iter_18,H_MIRROR,15,-0.12977441079291355,1200,0
overhead_crane_FU_INDE_RE_INDE_status_4_iter_18,H_GMW,15,-0.12977441079291355,1200,0
overhead_crane_FU_INDE_RE_INDE_status_4_iter_19,NO_REGULARIZE,7,0.5598169824689194,493,1
overhead_crane_FU_INDE_RE_INDE_status_4_iter_19,PM_MIRROR,31,-0.6505445104120814,19134.0,0
overhead_crane_FU_INDE_RE_INDE_status_4_iter_19,PM_GMW,54,-0.6505445104120804,6280.0,0
overhead_crane_FU_INDE_RE_INDE_status_4_iter_19,H_PROJECT,25,-0.6505445104115898,1937806.0,0
overhead_crane_FU_INDE_RE_INDE_status_4_iter_19,H_MIRROR,44,-0.6505445101714935,4220750.0,1
overhead_crane_FU_INDE_RE_INDE_status_4_iter_19,H_GMW,43,-0.6505445104074679,116804.0,0
overhead_crane_FU_INDE_RE_INDE_status_4_iter_20,NO_REGULARIZE,9,0.01481577270825795,653,1
overhead_crane_FU_INDE_RE_INDE_status_4_iter_20,PM_MIRROR,18,-0.06302614573340104,2954.0,0
overhead_crane_FU_INDE_RE_INDE_status_4_iter_20,PM_GMW,18,-0.06302614573115263,1496.0,0
overhead_crane_FU_INDE_RE_INDE_status_4_iter_20,H_PROJECT,16,-0.06302614576874213,139546.0,0
overhead_crane_FU_INDE_RE_INDE_status_4_iter_20,H_MIRROR,16,-0.06302614105101126,277814.0,0
overhead_crane_FU_INDE_RE_INDE_status_4_iter_20,H_GMW,120,-0.028380441545203194,586086.0,2
overhead_crane_FU_INDE_RE_INDE_status_4_iter_21,NO_REGULARIZE,4,0.13049689217376192,252,1
overhead_crane_FU_INDE_RE_INDE_status_4_iter_21,PM_MIRROR,27,-13.457331101328657,11244.0,0
overhead_crane_FU_INDE_RE_INDE_status_4_iter_21,PM_GMW,25,-13.457331101328684,2224.0,0
overhead_crane_FU_INDE_RE_INDE_status_4_iter_21,H_PROJECT,120,-11.528393947432745,14804156.0,2
overhead_crane_FU_INDE_RE_INDE_status_4_iter_21,H_MIRROR,120,-4.995538365169239,15080760.0,2
overhead_crane_FU_INDE_RE_INDE_status_4_iter_21,H_GMW,74,-9.60958555174648,348032.0,1
overhead_crane_FU_INDE_RE_INDE_status_4_iter_22,NO_REGULARIZE,4,0.1040087431169811,252,1
overhead_crane_FU_INDE_RE_INDE_status_4_iter_22,PM_MIRROR,25,-9.812931337609154,6542.0,0
overhead_crane_FU_INDE_RE_INDE_status_4_iter_22,PM_GMW,25,-9.812931337609138,2168.0,0
overhead_crane_FU_INDE_RE_INDE_status_4_iter_22,H_PROJECT,67,-9.81293133760914,5812506.0,0
overhead_crane_FU_INDE_RE_INDE_status_4_iter_22,H_MIRROR,120,-9.801783762081458,13421452.0,2
overhead_crane_FU_INDE_RE_INDE_status_4_iter_22,H_GMW,108,-9.79949537322885,453384.0,1
overhead_crane_FU_INDE_RE_INDE_status_4_iter_23,NO_REGULARIZE,5,-1.4501998473858517,331,1
overhead_crane_FU_INDE_RE_INDE_status_4_iter_23,PM_MIRROR,24,-12.689235336454564,6462.0,0
overhead_crane_FU_INDE_RE_INDE_status_4_iter_23,PM_GMW,24,-12.689235232915081,2088.0,0
overhead_crane_FU_INDE_RE_INDE_status_4_iter_23,H_PROJECT,21,-12.68923520483776,692962.0,0
overhead_crane_FU_INDE_RE_INDE_status_4_iter_23,H_MIRROR,46,-12.689235350289021,3322206.0,0
overhead_crane_FU_INDE_RE_INDE_status_4_iter_23,H_GMW,82,-12.689235349987912,315456.0,0
overhead_crane_FU_INDE_RE_INDE_status_4_iter_24,NO_REGULARIZE,9,-9.997681078599221,658,1
overhead_crane_FU_INDE_RE_INDE_status_4_iter_24,PM_MIRROR,26,-12.952977178236068,3594.0,0
overhead_crane_FU_INDE_RE_INDE_status_4_iter_24,PM_GMW,29,-12.952977178236067,2488.0,0
overhead_crane_FU_INDE_RE_INDE_status_4_iter_24,H_PROJECT,25,-12.95297717823232,693350.0,0
overhead_crane_FU_INDE_RE_INDE_status_4_iter_24,H_MIRROR,30,-12.952977178236065,1661684.0,0
overhead_crane_FU_INDE_RE_INDE_status_4_iter_24,H_GMW,120,-12.285788916209182,586448.0,2
overhead_crane_FU_INDE_RE_INDE_status_4_iter_25,NO_REGULARIZE,4,-0.24331686804264174,251,1
overhead_crane_FU_INDE_RE_INDE_status_4_iter_25,PM_MIRROR,18,-6.183678276562633,2954.0,0
overhead_crane_FU_INDE_RE_INDE_status_4_iter_25,PM_GMW,20,-6.183678279330101,1656.0,0
overhead_crane_FU_INDE_RE_INDE_status_4_iter_25,H_PROJECT,18,-6.183678277432996,277974.0,0
overhead_crane_FU_INDE_RE_INDE_status_4_iter_25,H_MIRROR,21,-6.183678279330274,554710.0,0
overhead_crane_FU_INDE_RE_INDE_status_4_iter_25,H_GMW,26,-6.183678267201026,79392.0,0
overhead_crane_FU_INDE_RE_INDE_status_4_iter_26,NO_REGULARIZE,4,0.9273763342517839,244,1
overhead_crane_FU_INDE_RE_INDE_status_4_iter_26,PM_MIRROR,22,-7.031634359255354,7816.0,0
overhead_crane_FU_INDE_RE_INDE_status_4_iter_26,PM_GMW,22,-7.031634364633331,1872.0,0
overhead_crane_FU_INDE_RE_INDE_status_4_iter_26,H_PROJECT,20,-7.031634364514981,1107602.0,0
overhead_crane_FU_INDE_RE_INDE_status_4_iter_26,H_MIRROR,50,-7.0316343646353285,5258408.0,0
overhead_crane_FU_INDE_RE_INDE_status_4_iter_26,H_GMW,120,-5.785912397860283,580626.0,2
overhead_crane_FU_INDE_RE_INDE_status_4_iter_27,NO_REGULARIZE,4,0.9987966406109728,245,1
overhead_crane_FU_INDE_RE_INDE_status_4_iter_27,PM_MIRROR,33,-6.140273382412372,16266.0,0
overhead_crane_FU_INDE_RE_INDE_status_4_iter_27,PM_GMW,32,-15.945212873569698,3400.0,0
overhead_crane_FU_INDE_RE_INDE_status_4_iter_27,H_PROJECT,63,-15.945212873583353,6088628.0,0
overhead_crane_FU_INDE_RE_INDE_status_4_iter_27,H_MIRROR,94,-15.94521287358346,9686016.0,0
overhead_crane_FU_INDE_RE_INDE_status_4_iter_27,H_GMW,76,-15.945212873583483,314230.0,0
overhead_crane_FU_INDE_RE_INDE_status_4_iter_28,NO_REGULARIZE,4,-0.39856948807370607,258,1
overhead_crane_FU_INDE_RE_INDE_status_4_iter_28,PM_MIRROR,21,-17.241614584955254,6222.0,0
overhead_crane_FU_INDE_RE_INDE_status_4_iter_28,PM_GMW,22,-17.241614589146597,1928.0,0
overhead_crane_FU_INDE_RE_INDE_status_4_iter_28,H_PROJECT,18,-17.241614580026706,554522.0,0
overhead_crane_FU_INDE_RE_INDE_status_4_iter_28,H_MIRROR,21,-17.241614524514713,1799320.0,0
overhead_crane_FU_INDE_RE_INDE_status_4_iter_28,H_GMW,26,-17.241614589237294,69152.0,0
overhead_crane_FU_INDE_RE_INDE_status_4_iter_29,NO_REGULARIZE,19,-4.184433684417909,1520,0
overhead_crane_FU_INDE_RE_INDE_status_4_iter_29,PM_MIRROR,19,-4.184433684417909,1520,0
overhead_crane_FU_INDE_RE_INDE_status_4_iter_29,PM_GMW,19,-4.184433684417909,1520,0
overhead_crane_FU_INDE_RE_INDE_status_4_iter_29,H_PROJECT,19,-4.184433684417909,1520,0
overhead_crane_FU_INDE_RE_INDE_status_4_iter_29,H_MIRROR,19,-4.184433684417909,1520,0
overhead_crane_FU_INDE_RE_INDE_status_4_iter_29,H_GMW,19,-4.184433684417909,1520,0
overhead_crane_FU_INDE_RE_INDE_status_4_iter_30,NO_REGULARIZE,6,-0.25327966265295243,425,1
overhead_crane_FU_INDE_RE_INDE_status_4_iter_30,PM_MIRROR,22,-3.693715732862185,3274.0,0
overhead_crane_FU_INDE_RE_INDE_status_4_iter_30,PM_GMW,21,-3.6937157328615,1736.0,0
overhead_crane_FU_INDE_RE_INDE_status_4_iter_30,H_PROJECT,31,-3.6937157328621915,970472.0,0
overhead_crane_FU_INDE_RE_INDE_status_4_iter_30,H_MIRROR,55,-3.693715732796293,2355172.0,0
overhead_crane_FU_INDE_RE_INDE_status_4_iter_30,H_GMW,85,-3.6937157328490726,156552.0,0
overhead_crane_FU_INDE_RE_INDE_status_4_iter_31,NO_REGULARIZE,3,-0.834797458058594,179,1
overhead_crane_FU_INDE_RE_INDE_status_4_iter_31,PM_MIRROR,26,-32.0390909849228,9650.0,0
overhead_crane_FU_INDE_RE_INDE_status_4_iter_31,PM_GMW,26,-32.03909099117516,2304.0,0
overhead_crane_FU_INDE_RE_INDE_status_4_iter_31,H_PROJECT,20,-32.0390909538341,831142.0,0
overhead_crane_FU_INDE_RE_INDE_status_4_iter_31,H_MIRROR,28,-32.03909099101429,2767512.0,0
overhead_crane_FU_INDE_RE_INDE_status_4_iter_31,H_GMW,120,-24.368923512376938,410372.0,2
overhead_crane_FU_INDE_RE_INDE_status_4_iter_32,NO_REGULARIZE,14,-0.2659108582277031,1120,0
overhead_crane_FU_INDE_RE_INDE_status_4_iter_32,PM_MIRROR,14,-0.2659108582277031,1120,0
overhead_crane_FU_INDE_RE_INDE_status_4_iter_32,PM_GMW,14,-0.2659108582277031,1120,0
overhead_crane_FU_INDE_RE_INDE_status_4_iter_32,H_PROJECT,14,-0.2659108582277031,1120,0
overhead_crane_FU_INDE_RE_INDE_status_4_iter_32,H_MIRROR,14,-0.2659108582277031,1120,0
overhead_crane_FU_INDE_RE_INDE_status_4_iter_32,H_GMW,14,-0.2659108582277031,1120,0
overhead_crane_FU_INDE_RE_INDE_status_4_iter_33,NO_REGULARIZE,26,-55.258628674270085,2080,0
overhead_crane_FU_INDE_RE_INDE_status_4_iter_33,PM_MIRROR,26,-55.258628674270085,2080,0
overhead_crane_FU_INDE_RE_INDE_status_4_iter_33,PM_GMW,26,-55.258628674270085,2080,0
overhead_crane_FU_INDE_RE_INDE_status_4_iter_33,H_PROJECT,26,-55.258628674270085,2080,0
overhead_crane_FU_INDE_RE_INDE_status_4_iter_33,H_MIRROR,26,-55.258628674270085,2080,0
overhead_crane_FU_INDE_RE_INDE_status_4_iter_33,H_GMW,26,-55.258628674270085,2080,0
overhead_crane_FU_INDE_RE_INDE_status_4_iter_34,NO_REGULARIZE,18,-6.3940811963488215,1440,0
overhead_crane_FU_INDE_RE_INDE_status_4_iter_34,PM_MIRROR,18,-6.3940811963488215,1440,0
overhead_crane_FU_INDE_RE_INDE_status_4_iter_34,PM_GMW,18,-6.3940811963488215,1440,0
overhead_crane_FU_INDE_RE_INDE_status_4_iter_34,H_PROJECT,18,-6.3940811963488215,1440,0
overhead_crane_FU_INDE_RE_INDE_status_4_iter_34,H_MIRROR,18,-6.3940811963488215,1440,0
overhead_crane_FU_INDE_RE_INDE_status_4_iter_34,H_GMW,18,-6.3940811963488215,1440,0
overhead_crane_FU_INDE_RE_INDE_status_4_iter_35,NO_REGULARIZE,13,-0.5710664904058316,1040,0
overhead_crane_FU_INDE_RE_INDE_status_4_iter_35,PM_MIRROR,13,-0.5710664904058316,1040,0
overhead_crane_FU_INDE_RE_INDE_status_4_iter_35,PM_GMW,13,-0.5710664904058316,1040,0
overhead_crane_FU_INDE_RE_INDE_status_4_iter_35,H_PROJECT,13,-0.5710664904058316,1040,0
overhead_crane_FU_INDE_RE_INDE_status_4_iter_35,H_MIRROR,13,-0.5710664904058316,1040,0
overhead_crane_FU_INDE_RE_INDE_status_4_iter_35,H_GMW,13,-0.5710664904058316,1040,0
overhead_crane_FU_INDE_RE_INDE_status_4_iter_36,NO_REGULARIZE,17,-3.380262251610554,1360,0
overhead_crane_FU_INDE_RE_INDE_status_4_iter_36,PM_MIRROR,17,-3.380262251610554,1360,0
overhead_crane_FU_INDE_RE_INDE_status_4_iter_36,PM_GMW,17,-3.380262251610554,1360,0
overhead_crane_FU_INDE_RE_INDE_status_4_iter_36,H_PROJECT,17,-3.380262251610554,1360,0
overhead_crane_FU_INDE_RE_INDE_status_4_iter_36,H_MIRROR,17,-3.380262251610554,1360,0
overhead_crane_FU_INDE_RE_INDE_status_4_iter_36,H_GMW,17,-3.380262251610554,1360,0
overhead_crane_FU_INDE_RE_INDE_status_4_iter_37,NO_REGULARIZE,7,0.302493079057802,509,1
overhead_crane_FU_INDE_RE_INDE_status_4_iter_37,PM_MIRROR,48,-10.352395330212973,29578.0,0
overhead_crane_FU_INDE_RE_INDE_status_4_iter_37,PM_GMW,41,-10.352395341045932,3952.0,0
overhead_crane_FU_INDE_RE_INDE_status_4_iter_37,H_PROJECT,40,-10.352395342367432,2077782.0,0
overhead_crane_FU_INDE_RE_INDE_status_4_iter_37,H_MIRROR,92,-10.352395342433713,5401252.0,0
overhead_crane_FU_INDE_RE_INDE_status_4_iter_37,H_GMW,70,-10.352395340806577,161152.0,0
overhead_crane_FU_INDE_RE_INDE_status_4_iter_38,NO_REGULARIZE,9,-0.25281602219515875,669,1
overhead_crane_FU_INDE_RE_INDE_status_4_iter_38,PM_MIRROR,15,-0.563851375432288,2714.0,0
overhead_crane_FU_INDE_RE_INDE_status_4_iter_38,PM_GMW,15,-0.5638513574155065,1256.0,0
overhead_crane_FU_INDE_RE_INDE_status_4_iter_38,H_PROJECT,15,-0.5638514552022533,139498.0,0
overhead_crane_FU_INDE_RE_INDE_status_4_iter_38,H_MIRROR,15,-0.5638514553258263,139498.0,0
overhead_crane_FU_INDE_RE_INDE_status_4_iter_38,H_GMW,15,-0.563851456333897,6378.0,0
overhead_crane_FU_INDE_RE_INDE_status_4_iter_39,NO_REGULARIZE,17,-2.8904409424472033,1360,0
overhead_crane_FU_INDE_RE_INDE_status_4_iter_39,PM_MIRROR,17,-2.8904409424472033,1360,0
overhead_crane_FU_INDE_RE_INDE_status_4_iter_39,PM_GMW,17,-2.8904409424472033,1360,0
overhead_crane_FU_INDE_RE_INDE_status_4_iter_39,H_PROJECT,17,-2.8904409424472033,1360,0
overhead_crane_FU_INDE_RE_INDE_status_4_iter_39,H_MIRROR,17,-2.8904409424472033,1360,0
overhead_crane_FU_INDE_RE_INDE_status_4_iter_39,H_GMW,17,-2.8904409424472033,1360,0
pendulum_cons_FU_INDE_RE_INDE_status_4_iter_0,NO_REGULARIZE,1,0.0,25,1
pendulum_cons_FU_INDE_RE_INDE_status_4_iter_0,PM_MIRROR,10,-315.73907619689925,7524.0,0
pendulum_cons_FU_INDE_RE_INDE_status_4_iter_0,PM_GMW,10,-315.73907619659275,760.0,0
pendulum_cons_FU_INDE_RE_INDE_status_4_iter_0,H_PROJECT,58,-315.7390762004407,8779174.0,0
pendulum_cons_FU_INDE_RE_INDE_status_4_iter_0,H_MIRROR,103,-315.7390762004408,16376042.0,0
pendulum_cons_FU_INDE_RE_INDE_status_4_iter_0,H_GMW,120,-314.0331435859887,758374.0,2
pendulum_cons_FU_INDE_RE_INDE_status_4_iter_1,NO_REGULARIZE,9,-191.3673022812078,425,1
pendulum_cons_FU_INDE_RE_INDE_status_4_iter_1,PM_MIRROR,24,-239.6963392037419,4712.0,0
pendulum_cons_FU_INDE_RE_INDE_status_4_iter_1,PM_GMW,23,-239.6963392037601,1280.0,0
pendulum_cons_FU_INDE_RE_INDE_status_4_iter_1,H_PROJECT,29,-239.69633920371749,2195580.0,0
pendulum_cons_FU_INDE_RE_INDE_status_4_iter_1,H_MIRROR,37,-239.69633920369716,3714968.0,0
pendulum_cons_FU_INDE_RE_INDE_status_4_iter_1,H_GMW,43,-239.69633920402947,146526.0,0
pendulum_cons_FU_INDE_RE_INDE_status_4_iter_10,NO_REGULARIZE,2,-0.8490179378030227,75,1
pendulum_cons_FU_INDE_RE_INDE_status_4_iter_10,PM_MIRROR,10,-19.075982265103683,4012.0,0
pendulum_cons_FU_INDE_RE_INDE_status_4_iter_10,PM_GMW,11,-19.075983245994767,680.0,0
pendulum_cons_FU_INDE_RE_INDE_status_4_iter_10,H_PROJECT,11,-19.075981470897467,338148.0,0
pendulum_cons_FU_INDE_RE_INDE_status_4_iter_10,H_MIRROR,34,-19.075985585502167,4221652.0,0
pendulum_cons_FU_INDE_RE_INDE_status_4_iter_10,H_GMW,15,-19.075985584693957,25940.0,0
pendulum_cons_FU_INDE_RE_INDE_status_4_iter_11,NO_REGULARIZE,2,-3.1692505132867375,74,1
pendulum_cons_FU_INDE_RE_INDE_status_4_iter_11,PM_MIRROR,33,-698.1151763746049,50818.0,0
pendulum_cons_FU_INDE_RE_INDE_status_4_iter_11,PM_GMW,34,-698.1151764471714,3780.0,0
pendulum_cons_FU_INDE_RE_INDE_status_4_iter_11,H_PROJECT,30,-698.1151764475127,4052590.0,0
pendulum_cons_FU_INDE_RE_INDE_status_4_iter_11,H_MIRROR,44,-698.1151764475132,6247520.0,0
pendulum_cons_FU_INDE_RE_INDE_status_4_iter_11,H_GMW,44,-698.1151764475047,228456.0,0
pendulum_cons_FU_INDE_RE_INDE_status_4_iter_12,NO_REGULARIZE,4,0.9020043818992409,174,1
pendulum_cons_FU_INDE_RE_INDE_status_4_iter_12,PM_MIRROR,15,-50.28454063854696,18310.0,0
pendulum_cons_FU_INDE_RE_INDE_status_4_iter_12,PM_GMW,16,-50.284540638538914,1320.0,0
pendulum_cons_FU_INDE_RE_INDE_status_4_iter_12,H_PROJECT,23,-50.28454063861048,2195544.0,0
pendulum_cons_FU_INDE_RE_INDE_status_4_iter_12,H_MIRROR,35,-50.28454063861194,4052920.0,0
pendulum_cons_FU_INDE_RE_INDE_status_4_iter_12,H_GMW,41,-50.28454063861196,197280.0,0
pendulum_cons_FU_INDE_RE_INDE_status_4_iter_14,NO_REGULARIZE,2,10.132760143131087,71,1
pendulum_cons_FU_INDE_RE_INDE_status_4_iter_14,PM_MIRROR,52,-182.85301827930542,234392.0,0
pendulum_cons_FU_INDE_RE_INDE_status_4_iter_14,PM_GMW,31,-82.99075236860406,4280.0,0
pendulum_cons_FU_INDE_RE_INDE_status_4_iter_14,H_PROJECT,27,-49.38195410817197,3377232.0,0
pendulum_cons_FU_INDE_RE_INDE_status_4_iter_14,H_MIRROR,44,-49.381954108171925,5572394.0,0
pendulum_cons_FU_INDE_RE_INDE_status_4_iter_14,H_GMW,101,-49.38195410817197,615698.0,0
pendulum_cons_FU_INDE_RE_INDE_status_4_iter_15,NO_REGULARIZE,2,7.7342777272181475,74,1
pendulum_cons_FU_INDE_RE_INDE_status_4_iter_15,PM_MIRROR,24,-129.1765632841462,39832.0,0
pendulum_cons_FU_INDE_RE_INDE_status_4_iter_15,PM_GMW,31,-96.27691595236556,6750.0,0
pendulum_cons_FU_INDE_RE_INDE_status_4_iter_15,H_PROJECT,52,-129.17656328414643,7598384.0,0
pendulum_cons_FU_INDE_RE_INDE_status_4_iter_15,H_MIRROR,99,-129.17656328414645,15365262.0,0
pendulum_cons_FU_INDE_RE_INDE_status_4_iter_15,H_GMW,108,-129.1765632841465,640878.0,0
pendulum_cons_FU_INDE_RE_INDE_status_4_iter_16,NO_REGULARIZE,4,-1.5433981370724439,175,1
pendulum_cons_FU_INDE_RE_INDE_status_4_iter_16,PM_MIRROR,23,-91.50889744886489,22222.0,0
pendulum_cons_FU_INDE_RE_INDE_status_4_iter_16,PM_GMW,26,-91.50889744831608,3510.0,0
pendulum_cons_FU_INDE_RE_INDE_status_4_iter_16,H_PROJECT,22,-91.50889743946706,2532936.0,0
pendulum_cons_FU_INDE_RE_INDE_status_4_iter_16,H_MIRROR,35,-91.50889744781296,4896450.0,0
pendulum_cons_FU_INDE_RE_INDE_status_4_iter_16,H_GMW,31,-91.50889744886823,139884.0,0
pendulum_cons_FU_INDE_RE_INDE_status_4_iter_17,NO_REGULARIZE,2,0.6297236715900328,71,1
pendulum_cons_FU_INDE_RE_INDE_status_4_iter_17,PM_MIRROR,23,-139.24505654618605,29246.0,0
pendulum_cons_FU_INDE_RE_INDE_status_4_iter_17,PM_GMW,36,-139.24505654618588,4920.0,0
pendulum_cons_FU_INDE_RE_INDE_status_4_iter_17,H_PROJECT,38,-139.24505654618164,5571788.0,0
pendulum_cons_FU_INDE_RE_INDE_status_4_iter_17,H_MIRROR,89,-139.24505654618594,14182216.0,0
pendulum_cons_FU_INDE_RE_INDE_status_4_iter_17,H_GMW,92,-139.245056546186,539092.0,0
pendulum_cons_FU_INDE_RE_INDE_status_4_iter_18,NO_REGULARIZE,2,-0.17829103742262514,75,1
pendulum_cons_FU_INDE_RE_INDE_status_4_iter_18,PM_MIRROR,18,-90.13309184120489,4412.0,0
pendulum_cons_FU_INDE_RE_INDE_status_4_iter_18,PM_GMW,23,-38.21732370634243,2970.0,0
pendulum_cons_FU_INDE_RE_INDE_status_4_iter_18,H_PROJECT,20,-90.13309181513728,676200.0,0
pendulum_cons_FU_INDE_RE_INDE_status_4_iter_18,H_MIRROR,20,-90.13309183680107,2026452.0,0
pendulum_cons_FU_INDE_RE_INDE_status_4_iter_18,H_GMW,31,-90.13309184414351,140044.0,0
pendulum_cons_FU_INDE_RE_INDE_status_4_iter_19,NO_REGULARIZE,2,-2.0623966710311095,71,1
pendulum_cons_FU_INDE_RE_INDE_status_4_iter_19,PM_MIRROR,38,-396.05698194752233,79164.0,0
pendulum_cons_FU_INDE_RE_INDE_status_4_iter_19,PM_GMW,44,-127.34787734539862,6490.0,0
pendulum_cons_FU_INDE_RE_INDE_status_4_iter_19,H_PROJECT,44,-127.3478738508557,5403686.0,0
pendulum_cons_FU_INDE_RE_INDE_status_4_iter_19,H_MIRROR,80,-127.34787734623218,9625380.0,0
pendulum_cons_FU_INDE_RE_INDE_status_4_iter_19,H_GMW,93,-127.34787734623207,502040.0,0
pendulum_cons_FU_INDE_RE_INDE_status_4_iter_2,NO_REGULARIZE,11,-21.126508710140524,525,1
pendulum_cons_FU_INDE_RE_INDE_status_4_iter_2,PM_MIRROR,22,-50.24950460376808,18660.0,0
pendulum_cons_FU_INDE_RE_INDE_status_4_iter_2,PM_GMW,22,-50.24950469752021,1620.0,0
pendulum_cons_FU_INDE_RE_INDE_status_4_iter_2,H_PROJECT,79,-50.249504697521445,10975750.0,0
pendulum_cons_FU_INDE_RE_INDE_status_4_iter_2,H_MIRROR,120,-49.233403199961664,18573650.0,2
pendulum_cons_FU_INDE_RE_INDE_status_4_iter_2,H_GMW,111,-50.2495046975212,622492.0,0
pendulum_cons_FU_INDE_RE_INDE_status_4_iter_3,NO_REGULARIZE,2,-39.93270490519383,71,1
pendulum_cons_FU_INDE_RE_INDE_status_4_iter_3,PM_MIRROR,10,-128.01156992972903,7524.0,0
pendulum_cons_FU_INDE_RE_INDE_status_4_iter_3,PM_GMW,10,-128.01156994480965,760.0,0
pendulum_cons_FU_INDE_RE_INDE_status_4_iter_3,H_PROJECT,39,-128.01156994572895,4896596.0,0
pendulum_cons_FU_INDE_RE_INDE_status_4_iter_3,H_MIRROR,62,-128.01156994572895,8610822.0,0
pendulum_cons_FU_INDE_RE_INDE_status_4_iter_3,H_GMW,77,-128.01156994572895,418320.0,0
pendulum_cons_FU_INDE_RE_INDE_status_4_iter_4,NO_REGULARIZE,2,-18.281632441534192,68,1
pendulum_cons_FU_INDE_RE_INDE_status_4_iter_4,PM_MIRROR,50,-347.40623888808847,90300.0,0
pendulum_cons_FU_INDE_RE_INDE_status_4_iter_4,PM_GMW,47,-347.40623888817265,5210.0,0
pendulum_cons_FU_INDE_RE_INDE_status_4_iter_4,H_PROJECT,86,-347.40623888817754,13336732.0,0
pendulum_cons_FU_INDE_RE_INDE_status_4_iter_4,H_MIRROR,120,-287.2776653593362,20089108.0,2
pendulum_cons_FU_INDE_RE_INDE_status_4_iter_4,H_GMW,120,-322.97931247845406,751336.0,2
pendulum_cons_FU_INDE_RE_INDE_status_4_iter_6,NO_REGULARIZE,7,-155.43958576532012,325,1
pendulum_cons_FU_INDE_RE_INDE_status_4_iter_6,PM_MIRROR,42,-935.9844749534781,47756.0,0
pendulum_cons_FU_INDE_RE_INDE_status_4_iter_6,PM_GMW,37,-935.9844746456589,3280.0,0
pendulum_cons_FU_INDE_RE_INDE_status_4_iter_6,H_PROJECT,48,-935.9844749534795,6078394.0,0
pendulum_cons_FU_INDE_RE_INDE_status_4_iter_6,H_MIRROR,70,-935.9844749534782,9961468.0,0
pendulum_cons_FU_INDE_RE_INDE_status_4_iter_6,H_GMW,46,-935.9844749534799,190412.0,0
pendulum_cons_FU_INDE_RE_INDE_status_4_iter_7,NO_REGULARIZE,1,0.0,24,1
pendulum_cons_FU_INDE_RE_INDE_status_4_iter_7,PM_MIRROR,45,-925.1259119268939,86538.0,0
pendulum_cons_FU_INDE_RE_INDE_status_4_iter_7,PM_GMW,34,-925.1259119268931,3390.0,0
pendulum_cons_FU_INDE_RE_INDE_status_4_iter_7,H_PROJECT,65,-925.1259119252227,6585552.0,0
pendulum_cons_FU_INDE_RE_INDE_status_4_iter_7,H_MIRROR,120,-817.2027358183251,18571336.0,2
pendulum_cons_FU_INDE_RE_INDE_status_4_iter_7,H_GMW,105,-925.1259119268954,513862.0,0
pendulum_cons_FU_INDE_RE_INDE_status_4_iter_8,NO_REGULARIZE,1,0.0,24,1
pendulum_cons_FU_INDE_RE_INDE_status_4_iter_8,PM_MIRROR,32,-430.8840659956711,36720.0,0
pendulum_cons_FU_INDE_RE_INDE_status_4_iter_8,PM_GMW,28,-430.8840659955999,2700.0,0
pendulum_cons_FU_INDE_RE_INDE_status_4_iter_8,H_PROJECT,93,-430.8840659345459,13844802.0,0
pendulum_cons_FU_INDE_RE_INDE_status_4_iter_8,H_MIRROR,120,-205.62132916337805,20259140.0,2
pendulum_cons_FU_INDE_RE_INDE_status_4_iter_8,H_GMW,120,-423.1822090285266,659092.0,2
pendulum_cons_FU_INDE_RE_INDE_status_4_iter_9,NO_REGULARIZE,3,-98.08744047952543,125,1
pendulum_cons_FU_INDE_RE_INDE_status_4_iter_9,PM_MIRROR,28,-294.2242865065067,57592.0,0
pendulum_cons_FU_INDE_RE_INDE_status_4_iter_9,PM_GMW,35,-294.2242865065558,5130.0,0
pendulum_cons_FU_INDE_RE_INDE_status_4_iter_9,H_PROJECT,41,-295.2357038031817,5572090.0,0
pendulum_cons_FU_INDE_RE_INDE_status_4_iter_9,H_MIRROR,71,-295.2357038031813,8442770.0,0
pendulum_cons_FU_INDE_RE_INDE_status_4_iter_9,H_GMW,81,-295.23570380318125,475354.0,0
robot_FU_INDE_RE_INDE_status_4_iter_0,NO_REGULARIZE,3,-0.08724238287504073,146,1
robot_FU_INDE_RE_INDE_status_4_iter_0,PM_MIRROR,30,-28.918787928477222,42304.0,0
robot_FU_INDE_RE_INDE_status_4_iter_0,PM_GMW,26,-31.3155171197737,2172.0,0
robot_FU_INDE_RE_INDE_status_4_iter_0,H_PROJECT,20,-31.945429195290362,176368.0,0
robot_FU_INDE_RE_INDE_status_4_iter_0,H_MIRROR,30,-32.085333251556385,964758.0,0
robot_FU_INDE_RE_INDE_status_4_iter_0,H_GMW,51,-27.667427522053043,55922.0,0
robot_FU_INDE_RE_INDE_status_4_iter_1,NO_REGULARIZE,3,-0.08724238287504073,146,1
robot_FU_INDE_RE_INDE_status_4_iter_1,PM_MIRROR,30,-28.918787928477222,42304.0,0
robot_FU_INDE_RE_INDE_status_4_iter_1,PM_GMW,26,-31.3155171197737,2172.0,0
robot_FU_INDE_RE_INDE_status_4_iter_1,H_PROJECT,20,-31.945429195290362,176368.0,0
robot_FU_INDE_RE_INDE_status_4_iter_1,H_MIRROR,30,-32.085333251556385,964758.0,0
robot_FU_INDE_RE_INDE_status_4_iter_1,H_GMW,51,-27.667427522053043,55922.0,0
robot_FU_INDE_RE_INDE_status_4_iter_10,NO_REGULARIZE,6,-0.02175767876203126,313,1
robot_FU_INDE_RE_INDE_status_4_iter_10,PM_MIRROR,11,-0.05372586564698479,1148.0,0
robot_FU_INDE_RE_INDE_status_4_iter_10,PM_GMW,11,-0.05372586582007712,678.0,0
robot_FU_INDE_RE_INDE_status_4_iter_10,H_PROJECT,16,-0.053725866091809925,263542.0,0
robot_FU_INDE_RE_INDE_status_4_iter_10,H_MIRROR,21,-0.05372586609183426,526368.0,0
robot_FU_INDE_RE_INDE_status_4_iter_10,H_GMW,19,-0.05372586609181853,19170.0,0
robot_FU_INDE_RE_INDE_status_4_iter_11,NO_REGULARIZE,8,-0.007403626647672265,433,1
robot_FU_INDE_RE_INDE_status_4_iter_11,PM_MIRROR,19,-0.05070253714077417,3580.0,0
robot_FU_INDE_RE_INDE_status_4_iter_11,PM_GMW,17,-0.050702535001264044,1056.0,0
robot_FU_INDE_RE_INDE_status_4_iter_11,H_PROJECT,17,-0.050702537055751784,219850.0,0
robot_FU_INDE_RE_INDE_status_4_iter_11,H_MIRROR,26,-0.050702537220895585,526752.0,0
robot_FU_INDE_RE_INDE_status_4_iter_11,H_GMW,27,-0.05070253722089561,19726.0,0
robot_FU_INDE_RE_INDE_status_4_iter_12,NO_REGULARIZE,5,0.04274975026613757,250,1
robot_FU_INDE_RE_INDE_status_4_iter_12,PM_MIRROR,18,-0.046552356666631795,4984.0,0
robot_FU_INDE_RE_INDE_status_4_iter_12,PM_GMW,22,-0.04655234004993122,1500.0,0
robot_FU_INDE_RE_INDE_status_4_iter_12,H_PROJECT,27,-0.04655235724007971,745576.0,0
robot_FU_INDE_RE_INDE_status_4_iter_12,H_MIRROR,41,-0.04655235724197975,1271532.0,0
robot_FU_INDE_RE_INDE_status_4_iter_12,H_GMW,48,-0.04655235724197978,55418.0,0
robot_FU_INDE_RE_INDE_status_4_iter_13,NO_REGULARIZE,5,0.04437845043764338,250,1
robot_FU_INDE_RE_INDE_status_4_iter_13,PM_MIRROR,14,-0.041482413109909286,2304.0,0
robot_FU_INDE_RE_INDE_status_4_iter_13,PM_GMW,15,-0.04148241360804666,954.0,0
robot_FU_INDE_RE_INDE_status_4_iter_13,H_PROJECT,28,-0.04148241360814067,614336.0,0
robot_FU_INDE_RE_INDE_status_4_iter_13,H_MIRROR,41,-0.04148241360814022,1183994.0,0
robot_FU_INDE_RE_INDE_status_4_iter_13,H_GMW,46,-0.04148241360813858,53570.0,0
robot_FU_INDE_RE_INDE_status_4_iter_14,NO_REGULARIZE,11,-0.038140285230009674,660,0
robot_FU_INDE_RE_INDE_status_4_iter_14,PM_MIRROR,11,-0.038140285230009674,660,0
robot_FU_INDE_RE_INDE_status_4_iter_14,PM_GMW,11,-0.038140285230009674,660,0
robot_FU_INDE_RE_INDE_status_4_iter_14,H_PROJECT,11,-0.038140285230009674,660,0
robot_FU_INDE_RE_INDE_status_4_iter_14,H_MIRROR,11,-0.038140285230009674,660,0
robot_FU_INDE_RE_INDE_status_4_iter_14,H_GMW,11,-0.038140285230009674,660,0
robot_FU_INDE_RE_INDE_status_4_iter_15,NO_REGULARIZE,5,0.046479096795410985,254,1
robot_FU_INDE_RE_INDE_status_4_iter_15,PM_MIRROR,11,-0.030252135875022165,1636.0,0
robot_FU_INDE_RE_INDE_status_4_iter_15,PM_GMW,11,-0.03025213553913058,696.0,0
robot_FU_INDE_RE_INDE_status_4_iter_15,H_PROJECT,19,-0.030252135989311604,438760.0,0
robot_FU_INDE_RE_INDE_status_4_iter_15,H_MIRROR,25,-0.030252135977937734,832958.0,0
robot_FU_INDE_RE_INDE_status_4_iter_15,H_GMW,28,-0.030252135988614794,36138.0,0
robot_FU_INDE_RE_INDE_status_4_iter_16,NO_REGULARIZE,5,0.04738440241512679,254,1
robot_FU_INDE_RE_INDE_status_4_iter_16,PM_MIRROR,11,-0.02696009738737206,1636.0,0
robot_FU_INDE_RE_INDE_status_4_iter_16,PM_GMW,11,-0.026960097380667482,696.0,0
robot_FU_INDE_RE_INDE_status_4_iter_16,H_PROJECT,18,-0.026960097448590084,438752.0,0
robot_FU_INDE_RE_INDE_status_4_iter_16,H_MIRROR,27,-0.02696009745173209,876922.0,0
robot_FU_INDE_RE_INDE_status_4_iter_16,H_GMW,30,-0.026960097451828036,37998.0,0
robot_FU_INDE_RE_INDE_status_4_iter_17,NO_REGULARIZE,5,0.04672797415367024,253,1
robot_FU_INDE_RE_INDE_status_4_iter_17,PM_MIRROR,11,-0.02421662290935681,1636.0,0
robot_FU_INDE_RE_INDE_status_4_iter_17,PM_GMW,11,-0.024216622865353154,696.0,0
robot_FU_INDE_RE_INDE_status_4_iter_17,H_PROJECT,16,-0.02421662291085254,307314.0,0
robot_FU_INDE_RE_INDE_status_4_iter_17,H_MIRROR,24,-0.024216622910899824,614140.0,0
robot_FU_INDE_RE_INDE_status_4_iter_17,H_GMW,27,-0.02421662291090454,26284.0,0
robot_FU_INDE_RE_INDE_status_4_iter_18,NO_REGULARIZE,11,-0.011016066075571863,660,0
robot_FU_INDE_RE_INDE_status_4_iter_18,PM_MIRROR,11,-0.011016066075571863,660,0
robot_FU_INDE_RE_INDE_status_4_iter_18,PM_GMW,11,-0.011016066075571863,660,0
robot_FU_INDE_RE_INDE_status_4_iter_18,H_PROJECT,11,-0.011016066075571863,660,0
robot_FU_INDE_RE_INDE_status_4_iter_18,H_MIRROR,11,-0.011016066075571863,660,0
robot_FU_INDE_RE_INDE_status_4_iter_18,H_GMW,11,-0.011016066075571863,660,0
robot_FU_INDE_RE_INDE_status_4_iter_19,NO_REGULARIZE,11,-0.011454949766850384,660,0
robot_FU_INDE_RE_INDE_status_4_iter_19,PM_MIRROR,11,-0.011454949766850384,660,0
robot_FU_INDE_RE_INDE_status_4_iter_19,PM_GMW,11,-0.011454949766850384,660,0
robot_FU_INDE_RE_INDE_status_4_iter_19,H_PROJECT,11,-0.011454949766850384,660,0
robot_FU_INDE_RE_INDE_status_4_iter_19,H_MIRROR,11,-0.011454949766850384,660,0
robot_FU_INDE_RE_INDE_status_4_iter_19,H_GMW,11,-0.011454949766850384,660,0
robot_FU_INDE_RE_INDE_status_4_iter_2,NO_REGULARIZE,4,-3.999644312530878,206,1
robot_FU_INDE_RE_INDE_status_4_iter_2,PM_MIRROR,25,-9.178400806692947,15652.0,0
robot_FU_INDE_RE_INDE_status_4_iter_2,PM_GMW,22,-9.526523834892863,1536.0,0
robot_FU_INDE_RE_INDE_status_4_iter_2,H_PROJECT,49,-9.583310504621696,1840516.0,0
robot_FU_INDE_RE_INDE_status_4_iter_2,H_MIRROR,74,-9.555456264779348,2804164.0,0
robot_FU_INDE_RE_INDE_status_4_iter_2,H_GMW,120,-9.33276648971491,197930.0,2
robot_FU_INDE_RE_INDE_status_4_iter_20,NO_REGULARIZE,5,0.04492042664044416,268,1
robot_FU_INDE_RE_INDE_status_4_iter_20,PM_MIRROR,10,-0.011817555278835547,1088.0,0
robot_FU_INDE_RE_INDE_status_4_iter_20,PM_GMW,10,-0.011817555206998967,618.0,0
robot_FU_INDE_RE_INDE_status_4_iter_20,H_PROJECT,13,-0.011817555425377737,219648.0,0
robot_FU_INDE_RE_INDE_status_4_iter_20,H_MIRROR,19,-0.01181755549806671,482614.0,0
robot_FU_INDE_RE_INDE_status_4_iter_20,H_GMW,23,-0.011817555498124747,26128.0,0
robot_FU_INDE_RE_INDE_status_4_iter_21,NO_REGULARIZE,5,0.04350006532285728,253,1
robot_FU_INDE_RE_INDE_status_4_iter_21,PM_MIRROR,9,-0.011964585615731797,1028.0,0
robot_FU_INDE_RE_INDE_status_4_iter_21,PM_GMW,10,-0.011964699643220823,618.0,0
robot_FU_INDE_RE_INDE_status_4_iter_21,H_PROJECT,11,-0.011964698946419532,131958.0,0
robot_FU_INDE_RE_INDE_status_4_iter_21,H_MIRROR,13,-0.011964699647460237,263378.0,0
robot_FU_INDE_RE_INDE_status_4_iter_21,H_GMW,15,-0.011964699647488548,14068.0,0
robot_FU_INDE_RE_INDE_status_4_iter_22,NO_REGULARIZE,5,0.04044410469379529,256,1
robot_FU_INDE_RE_INDE_status_4_iter_22,PM_MIRROR,12,-0.011709874974857003,1208.0,0
robot_FU_INDE_RE_INDE_status_4_iter_22,PM_GMW,11,-0.011709788185824029,678.0,0
robot_FU_INDE_RE_INDE_status_4_iter_22,H_PROJECT,9,-0.011709868384910798,44312.0,0
robot_FU_INDE_RE_INDE_status_4_iter_22,H_MIRROR,10,-0.01170986961132589,88138.0,0
robot_FU_INDE_RE_INDE_status_4_iter_22,H_GMW,12,-0.011709874932235353,5664.0,0
robot_FU_INDE_RE_INDE_status_4_iter_23,NO_REGULARIZE,9,-0.010992075489486183,540,0
robot_FU_INDE_RE_INDE_status_4_iter_23,PM_MIRROR,9,-0.010992075489486183,540,0
robot_FU_INDE_RE_INDE_status_4_iter_23,PM_GMW,9,-0.010992075489486183,540,0
robot_FU_INDE_RE_INDE_status_4_iter_23,H_PROJECT,9,-0.010992075489486183,540,0
robot_FU_INDE_RE_INDE_status_4_iter_23,H_MIRROR,9,-0.010992075489486183,540,0
robot_FU_INDE_RE_INDE_status_4_iter_23,H_GMW,9,-0.010992075489486183,540,0
robot_FU_INDE_RE_INDE_status_4_iter_3,NO_REGULARIZE,4,-5.723677564960751,205,1
robot_FU_INDE_RE_INDE_status_4_iter_3,PM_MIRROR,29,-16.297636246327226,34436.0,0
robot_FU_INDE_RE_INDE_status_4_iter_3,PM_GMW,30,-16.224842637880734,2484.0,0
robot_FU_INDE_RE_INDE_status_4_iter_3,H_PROJECT,21,-16.24505620982178,526404.0,0
robot_FU_INDE_RE_INDE_status_4_iter_3,H_MIRROR,40,-16.28906029317423,1183702.0,0
robot_FU_INDE_RE_INDE_status_4_iter_3,H_GMW,99,-16.24505633814403,146768.0,0
robot_FU_INDE_RE_INDE_status_4_iter_4,NO_REGULARIZE,4,-6.1257799189733255,206,1
robot_FU_INDE_RE_INDE_status_4_iter_4,PM_MIRROR,31,-11.601928146610792,41876.0,0
robot_FU_INDE_RE_INDE_status_4_iter_4,PM_GMW,65,-11.019516000338298,7500.0,0
robot_FU_INDE_RE_INDE_status_4_iter_4,H_PROJECT,32,-11.476758282521216,964524.0,0
robot_FU_INDE_RE_INDE_status_4_iter_4,H_MIRROR,52,-10.878112024558275,1971906.0,0
robot_FU_INDE_RE_INDE_status_4_iter_4,H_GMW,83,-11.181245440099786,112024.0,0
robot_FU_INDE_RE_INDE_status_4_iter_5,NO_REGULARIZE,4,-2.1384722207083793,207,1
robot_FU_INDE_RE_INDE_status_4_iter_5,PM_MIRROR,30,-3.828544234669733,19368.0,0
robot_FU_INDE_RE_INDE_status_4_iter_5,PM_GMW,21,-3.8112316751377358,1512.0,0
robot_FU_INDE_RE_INDE_status_4_iter_5,H_PROJECT,38,-3.8239219221476572,1271250.0,0
robot_FU_INDE_RE_INDE_status_4_iter_5,H_MIRROR,66,-3.8239219221476577,2147618.0,0
robot_FU_INDE_RE_INDE_status_4_iter_5,H_GMW,120,-3.82810325134782,182434.0,2
robot_FU_INDE_RE_INDE_status_4_iter_6,NO_REGULARIZE,8,-0.3836796780729996,443,1
robot_FU_INDE_RE_INDE_status_4_iter_6,PM_MIRROR,14,-0.4114253977360331,1328.0,0
robot_FU_INDE_RE_INDE_status_4_iter_6,PM_GMW,14,-0.4114253977224017,858.0,0
robot_FU_INDE_RE_INDE_status_4_iter_6,H_PROJECT,120,-0.4114237222885282,4866912.0,2
robot_FU_INDE_RE_INDE_status_4_iter_6,H_MIRROR,120,-0.41099887976373434,4953838.0,2
robot_FU_INDE_RE_INDE_status_4_iter_6,H_GMW,120,-0.40905369662100866,192644.0,2
robot_FU_INDE_RE_INDE_status_4_iter_7,NO_REGULARIZE,10,-0.0739159631269085,600,0
robot_FU_INDE_RE_INDE_status_4_iter_7,PM_MIRROR,10,-0.0739159631269085,600,0
robot_FU_INDE_RE_INDE_status_4_iter_7,PM_GMW,10,-0.0739159631269085,600,0
robot_FU_INDE_RE_INDE_status_4_iter_7,H_PROJECT,10,-0.0739159631269085,600,0
robot_FU_INDE_RE_INDE_status_4_iter_7,H_MIRROR,10,-0.0739159631269085,600,0
robot_FU_INDE_RE_INDE_status_4_iter_7,H_GMW,10,-0.0739159631269085,600,0
robot_FU_INDE_RE_INDE_status_4_iter_8,NO_REGULARIZE,6,-0.043373974804570815,318,1
robot_FU_INDE_RE_INDE_status_4_iter_8,PM_MIRROR,15,-0.09223275496793604,1876.0,0
robot_FU_INDE_RE_INDE_status_4_iter_8,PM_GMW,14,-0.09223275501102832,876.0,0
robot_FU_INDE_RE_INDE_status_4_iter_8,H_PROJECT,26,-0.0922327552675311,658064.0,0
robot_FU_INDE_RE_INDE_status_4_iter_8,H_MIRROR,39,-0.09223275526753091,1184034.0,0
robot_FU_INDE_RE_INDE_status_4_iter_8,H_GMW,42,-0.09223275526753119,50264.0,0
robot_FU_INDE_RE_INDE_status_4_iter_9,NO_REGULARIZE,8,-0.07729328553894485,439,1
robot_FU_INDE_RE_INDE_status_4_iter_9,PM_MIRROR,13,-0.08690690400971249,1268.0,0
robot_FU_INDE_RE_INDE_status_4_iter_9,PM_GMW,13,-0.08690690400958512,798.0,0
robot_FU_INDE_RE_INDE_status_4_iter_9,H_PROJECT,15,-0.08690690400894749,88448.0,0
robot_FU_INDE_RE_INDE_status_4_iter_9,H_MIRROR,18,-0.08690690401111771,132406.0,0
robot_FU_INDE_RE_INDE_status_4_iter_9,H_GMW,18,-0.08690690401106256,6048.0,0
