QP_name,Horizon,Inde Stage Rate,Min Negative Eigenvalue
acrobot_FU_INDE_RE_INDE_status_4_iter_1,15,0.5333333333333333,-229.50920905189358
acrobot_FU_INDE_RE_INDE_status_4_iter_10,15,0.4,-567.4721029193744
acrobot_FU_INDE_RE_INDE_status_4_iter_11,15,0.3333333333333333,-178.23927929321832
acrobot_FU_INDE_RE_INDE_status_4_iter_12,15,0.4,-1.1997653692304635
acrobot_FU_INDE_RE_INDE_status_4_iter_15,15,0.06666666666666667,-0.09441116353144378
acrobot_FU_INDE_RE_INDE_status_4_iter_3,15,0.4666666666666667,-76.30146690155864
acrobot_FU_INDE_RE_INDE_status_4_iter_4,15,0.3333333333333333,-101.6350372841953
acrobot_FU_INDE_RE_INDE_status_4_iter_41,15,0.06666666666666667,-0.020843826034921978
acrobot_FU_INDE_RE_INDE_status_4_iter_45,15,0.13333333333333333,-0.04799776959479566
acrobot_FU_INDE_RE_INDE_status_4_iter_47,15,0.06666666666666667,-0.012020136682111536
acrobot_FU_INDE_RE_INDE_status_4_iter_48,15,0.06666666666666667,-0.037014331793883776
acrobot_FU_INDE_RE_INDE_status_4_iter_5,15,0.4,-1201.7611309908261
acrobot_FU_INDE_RE_INDE_status_4_iter_53,15,0.06666666666666667,-0.004945832157501325
acrobot_FU_INDE_RE_INDE_status_4_iter_7,15,0.3333333333333333,-5039.551147297545
acrobot_FU_INDE_RE_INDE_status_4_iter_8,15,0.5333333333333333,-6736.036146781948
dubins_car_parallel_parking_FU_INDE_RE_INDE_status_4_iter_1,25,0.96,-1.9812821501997344
dubins_car_parallel_parking_FU_INDE_RE_INDE_status_4_iter_10,25,0.84,-1.5180107743274531
dubins_car_parallel_parking_FU_INDE_RE_INDE_status_4_iter_11,25,0.84,-0.8497459736035426
dubins_car_parallel_parking_FU_INDE_RE_INDE_status_4_iter_12,25,0.84,-8.801795370332762
dubins_car_parallel_parking_FU_INDE_RE_INDE_status_4_iter_13,25,0.84,-5.271782419650176
dubins_car_parallel_parking_FU_INDE_RE_INDE_status_4_iter_14,25,0.84,-4.321197816674181
dubins_car_parallel_parking_FU_INDE_RE_INDE_status_4_iter_15,25,0.8,-111.81515485693052
dubins_car_parallel_parking_FU_INDE_RE_INDE_status_4_iter_16,25,0.8,-7.061553599789625
dubins_car_parallel_parking_FU_INDE_RE_INDE_status_4_iter_2,25,0.72,-0.4008945622961004
dubins_car_parallel_parking_FU_INDE_RE_INDE_status_4_iter_22,25,0.8,-7.08904050002948
dubins_car_parallel_parking_FU_INDE_RE_INDE_status_4_iter_26,25,0.8,-7.4633646530444615
dubins_car_parallel_parking_FU_INDE_RE_INDE_status_4_iter_28,25,0.8,-9.696235538372157
dubins_car_parallel_parking_FU_INDE_RE_INDE_status_4_iter_29,25,0.8,-7.027103125557143
dubins_car_parallel_parking_FU_INDE_RE_INDE_status_4_iter_3,25,0.72,-0.3219461993993668
dubins_car_parallel_parking_FU_INDE_RE_INDE_status_4_iter_30,25,0.84,-20.59499342381705
dubins_car_parallel_parking_FU_INDE_RE_INDE_status_4_iter_32,25,0.8,-15.13700828650772
dubins_car_parallel_parking_FU_INDE_RE_INDE_status_4_iter_33,25,0.8,-3.092972207245504
dubins_car_parallel_parking_FU_INDE_RE_INDE_status_4_iter_34,25,0.8,-11.06039245189351
dubins_car_parallel_parking_FU_INDE_RE_INDE_status_4_iter_35,25,0.8,-21.002586182158744
dubins_car_parallel_parking_FU_INDE_RE_INDE_status_4_iter_36,25,0.76,-6.326385667580771
dubins_car_parallel_parking_FU_INDE_RE_INDE_status_4_iter_38,25,0.76,-5.931667268594595
dubins_car_parallel_parking_FU_INDE_RE_INDE_status_4_iter_39,25,0.76,-7.612853376839855
dubins_car_parallel_parking_FU_INDE_RE_INDE_status_4_iter_40,25,0.76,-7.720715862818009
dubins_car_parallel_parking_FU_INDE_RE_INDE_status_4_iter_41,25,0.76,-7.717342646661481
dubins_car_parallel_parking_FU_INDE_RE_INDE_status_4_iter_42,25,0.76,-7.7173000575836115
dubins_car_parallel_parking_FU_INDE_RE_INDE_status_4_iter_6,25,1.0,-18.623486161362674
dubins_car_parallel_parking_FU_INDE_RE_INDE_status_4_iter_7,25,0.64,-4.966350964416415
dubins_car_parallel_parking_FU_INDE_RE_INDE_status_4_iter_8,25,0.8,-3.2123527632482634
dubins_car_parallel_parking_FU_INDE_RE_INDE_status_4_iter_9,25,0.8,-232.31355293587765
free_flying_robot_FU_INDE_RE_INDE_status_4_iter_12,50,0.04,-26.974234805012014
free_flying_robot_FU_INDE_RE_INDE_status_4_iter_13,50,0.04,-126.32664767113444
free_flying_robot_FU_INDE_RE_INDE_status_4_iter_14,50,0.04,-3.1776818248690564
free_flying_robot_FU_INDE_RE_INDE_status_4_iter_15,50,0.02,-10.266389002954256
free_flying_robot_FU_INDE_RE_INDE_status_4_iter_16,50,0.02,-16.073065542619993
free_flying_robot_FU_INDE_RE_INDE_status_4_iter_17,50,0.02,-1.135930891492128
free_flying_robot_FU_INDE_RE_INDE_status_4_iter_18,50,0.02,-9.875990937584092
free_flying_robot_FU_INDE_RE_INDE_status_4_iter_19,50,0.02,-3.4491629758303417
free_flying_robot_FU_INDE_RE_INDE_status_4_iter_20,50,0.02,-45.92654073248319
free_flying_robot_FU_INDE_RE_INDE_status_4_iter_21,50,0.02,-3.6337213943881914
free_flying_robot_FU_INDE_RE_INDE_status_4_iter_22,50,0.02,-0.6376920168128521
free_flying_robot_FU_INDE_RE_INDE_status_4_iter_23,50,0.02,-1.6303294281762057
free_flying_robot_FU_INDE_RE_INDE_status_4_iter_24,50,0.02,-0.16509542175847972
free_flying_robot_FU_INDE_RE_INDE_status_4_iter_25,50,0.02,-78.68768982857766
free_flying_robot_FU_INDE_RE_INDE_status_4_iter_26,50,0.02,-4.711993056280877
free_flying_robot_FU_INDE_RE_INDE_status_4_iter_27,50,0.02,-0.22294327914489112
free_flying_robot_FU_INDE_RE_INDE_status_4_iter_28,50,0.02,-1.4222323171135454
free_flying_robot_FU_INDE_RE_INDE_status_4_iter_3,50,0.1,-152.1422325422933
free_flying_robot_FU_INDE_RE_INDE_status_4_iter_5,50,0.04,-1.8749214836762709
free_flying_robot_FU_INDE_RE_INDE_status_4_iter_6,50,0.04,-1.0429116532237392
furuta_cons_FU_INDE_RE_INDE_status_4_iter_0,20,0.15,-50.43417396801597
furuta_cons_FU_INDE_RE_INDE_status_4_iter_1,20,0.15,-50.483457312499716
furuta_cons_FU_INDE_RE_INDE_status_4_iter_11,20,0.2,-80.51134588515204
furuta_cons_FU_INDE_RE_INDE_status_4_iter_12,20,0.15,-11.300513596735051
furuta_cons_FU_INDE_RE_INDE_status_4_iter_13,20,0.1,-3.8901418862519845
furuta_cons_FU_INDE_RE_INDE_status_4_iter_14,20,0.1,-10.104027113930707
furuta_cons_FU_INDE_RE_INDE_status_4_iter_15,20,0.1,-29.633365349241956
furuta_cons_FU_INDE_RE_INDE_status_4_iter_17,20,0.1,-13.927632741115753
furuta_cons_FU_INDE_RE_INDE_status_4_iter_18,20,0.1,-2.13619037500169
furuta_cons_FU_INDE_RE_INDE_status_4_iter_2,20,0.3,-67.82517846386605
furuta_cons_FU_INDE_RE_INDE_status_4_iter_20,20,0.1,-116.62116129768829
furuta_cons_FU_INDE_RE_INDE_status_4_iter_23,20,0.15,-114.93859235370763
furuta_cons_FU_INDE_RE_INDE_status_4_iter_24,20,0.05,-2.0953004435416087
furuta_cons_FU_INDE_RE_INDE_status_4_iter_26,20,0.05,-4.05473558770282
furuta_cons_FU_INDE_RE_INDE_status_4_iter_30,20,0.05,-8.517915958351661
furuta_cons_FU_INDE_RE_INDE_status_4_iter_4,20,0.05,-2.173902921517851
furuta_cons_FU_INDE_RE_INDE_status_4_iter_5,20,0.05,-3.3524425154477724
furuta_cons_FU_INDE_RE_INDE_status_4_iter_6,20,0.1,-93.7414422741368
furuta_cons_FU_INDE_RE_INDE_status_4_iter_8,20,0.1,-5.729032052637163
moonlander_FU_INDE_RE_INDE_status_4_iter_0,30,0.43333333333333335,-16.677087135920452
moonlander_FU_INDE_RE_INDE_status_4_iter_1,30,0.43333333333333335,-16.677087135920452
moonlander_FU_INDE_RE_INDE_status_4_iter_10,30,0.3333333333333333,-5.630905495136227
moonlander_FU_INDE_RE_INDE_status_4_iter_11,30,0.3,-11.350557437129698
moonlander_FU_INDE_RE_INDE_status_4_iter_12,30,0.3,-8.582341990267997
moonlander_FU_INDE_RE_INDE_status_4_iter_13,30,0.26666666666666666,-18.906373266922333
moonlander_FU_INDE_RE_INDE_status_4_iter_14,30,0.26666666666666666,-9.093748236776687
moonlander_FU_INDE_RE_INDE_status_4_iter_15,30,0.26666666666666666,-7.699584591283871
moonlander_FU_INDE_RE_INDE_status_4_iter_17,30,0.23333333333333334,-32.99616204988203
moonlander_FU_INDE_RE_INDE_status_4_iter_18,30,0.2,-58.120757666687204
moonlander_FU_INDE_RE_INDE_status_4_iter_2,30,0.43333333333333335,-26.27144060305593
moonlander_FU_INDE_RE_INDE_status_4_iter_21,30,0.2,-7.523604230593495
moonlander_FU_INDE_RE_INDE_status_4_iter_22,30,0.2,-8.132801088549634
moonlander_FU_INDE_RE_INDE_status_4_iter_26,30,0.16666666666666666,-4.702079861394712
moonlander_FU_INDE_RE_INDE_status_4_iter_3,30,0.4,-14.649502617773958
moonlander_FU_INDE_RE_INDE_status_4_iter_4,30,0.4,-13.682723116601197
moonlander_FU_INDE_RE_INDE_status_4_iter_5,30,0.36666666666666664,-13.30502413434398
moonlander_FU_INDE_RE_INDE_status_4_iter_6,30,0.36666666666666664,-11.978980303625082
moonlander_FU_INDE_RE_INDE_status_4_iter_7,30,0.36666666666666664,-9.10477865035364
moonlander_FU_INDE_RE_INDE_status_4_iter_8,30,0.3333333333333333,-17.124662139789425
moonlander_FU_INDE_RE_INDE_status_4_iter_9,30,0.3333333333333333,-10.166034572374812
overhead_crane_FU_INDE_RE_INDE_status_4_iter_11,40,0.1,-5.852302523997164
overhead_crane_FU_INDE_RE_INDE_status_4_iter_12,40,0.05,-0.21587146265662976
overhead_crane_FU_INDE_RE_INDE_status_4_iter_13,40,0.1,-18.932537085829342
overhead_crane_FU_INDE_RE_INDE_status_4_iter_14,40,0.075,-0.18910117375374647
overhead_crane_FU_INDE_RE_INDE_status_4_iter_15,40,0.075,-0.12658872117776807
overhead_crane_FU_INDE_RE_INDE_status_4_iter_16,40,0.075,-1.4125976113924708
overhead_crane_FU_INDE_RE_INDE_status_4_iter_17,40,0.025,-0.06239132082198438
overhead_crane_FU_INDE_RE_INDE_status_4_iter_18,40,0.025,-0.04978112342694462
overhead_crane_FU_INDE_RE_INDE_status_4_iter_19,40,0.05,-37.2389697774488
overhead_crane_FU_INDE_RE_INDE_status_4_iter_20,40,0.05,-1621.466140702914
overhead_crane_FU_INDE_RE_INDE_status_4_iter_21,40,0.05,-0.07857883185986554
overhead_crane_FU_INDE_RE_INDE_status_4_iter_22,40,0.05,-0.08024893838145546
overhead_crane_FU_INDE_RE_INDE_status_4_iter_23,40,0.05,-0.2740787386822561
overhead_crane_FU_INDE_RE_INDE_status_4_iter_24,40,0.225,-67.42288375861884
overhead_crane_FU_INDE_RE_INDE_status_4_iter_25,40,0.075,-1.745155991054304
overhead_crane_FU_INDE_RE_INDE_status_4_iter_26,40,0.075,-6.7218948623990045
overhead_crane_FU_INDE_RE_INDE_status_4_iter_27,40,0.075,-2.6822267762617287
overhead_crane_FU_INDE_RE_INDE_status_4_iter_28,40,0.075,-1.4032610729912847
overhead_crane_FU_INDE_RE_INDE_status_4_iter_29,40,0.05,-0.46233740082606545
overhead_crane_FU_INDE_RE_INDE_status_4_iter_30,40,0.075,-4.5544323177390424
overhead_crane_FU_INDE_RE_INDE_status_4_iter_31,40,0.075,-13601.127143102649
overhead_crane_FU_INDE_RE_INDE_status_4_iter_32,40,0.025,-0.0009357931720608624
overhead_crane_FU_INDE_RE_INDE_status_4_iter_33,40,0.1,-33.45595039727006
overhead_crane_FU_INDE_RE_INDE_status_4_iter_34,40,0.05,-1.2558058890459485
overhead_crane_FU_INDE_RE_INDE_status_4_iter_35,40,0.025,-0.014390954999356494
overhead_crane_FU_INDE_RE_INDE_status_4_iter_36,40,0.075,-7.088326475326863
overhead_crane_FU_INDE_RE_INDE_status_4_iter_37,40,0.025,-0.08811261415751614
overhead_crane_FU_INDE_RE_INDE_status_4_iter_38,40,0.025,-0.03135488242004469
overhead_crane_FU_INDE_RE_INDE_status_4_iter_39,40,0.025,-0.032080153987396116
pendulum_cons_FU_INDE_RE_INDE_status_4_iter_0,25,0.64,-0.01026611803481075
pendulum_cons_FU_INDE_RE_INDE_status_4_iter_1,25,0.28,-0.014139085323884406
pendulum_cons_FU_INDE_RE_INDE_status_4_iter_10,25,0.32,-0.003210193574712801
pendulum_cons_FU_INDE_RE_INDE_status_4_iter_11,25,0.4,-0.003749460596028706
pendulum_cons_FU_INDE_RE_INDE_status_4_iter_12,25,0.36,-0.010003707026241707
pendulum_cons_FU_INDE_RE_INDE_status_4_iter_14,25,0.36,-0.012881897959543625
pendulum_cons_FU_INDE_RE_INDE_status_4_iter_15,25,0.36,-0.09622604788626689
pendulum_cons_FU_INDE_RE_INDE_status_4_iter_16,25,0.36,-0.0050261195124367665
pendulum_cons_FU_INDE_RE_INDE_status_4_iter_17,25,0.36,-0.006649458362123355
pendulum_cons_FU_INDE_RE_INDE_status_4_iter_18,25,0.36,-0.05811742566143064
pendulum_cons_FU_INDE_RE_INDE_status_4_iter_19,25,0.32,-0.009912754108090688
pendulum_cons_FU_INDE_RE_INDE_status_4_iter_2,25,0.36,-0.14405544166738088
pendulum_cons_FU_INDE_RE_INDE_status_4_iter_3,25,0.56,-0.040229212559331186
pendulum_cons_FU_INDE_RE_INDE_status_4_iter_4,25,0.56,-0.015362056088733885
pendulum_cons_FU_INDE_RE_INDE_status_4_iter_6,25,0.44,-6.7512984210973945
pendulum_cons_FU_INDE_RE_INDE_status_4_iter_7,25,0.4,-0.00848489043662938
pendulum_cons_FU_INDE_RE_INDE_status_4_iter_8,25,0.4,-0.004165552690770051
pendulum_cons_FU_INDE_RE_INDE_status_4_iter_9,25,0.32,-0.072348210752276
robot_FU_INDE_RE_INDE_status_4_iter_0,30,0.9,-2.086073498054299
robot_FU_INDE_RE_INDE_status_4_iter_1,30,0.9,-2.086073498054299
robot_FU_INDE_RE_INDE_status_4_iter_10,30,0.5333333333333333,-0.9763227079742516
robot_FU_INDE_RE_INDE_status_4_iter_11,30,0.5333333333333333,-0.7016118506609765
robot_FU_INDE_RE_INDE_status_4_iter_12,30,0.5333333333333333,-0.25653669397550094
robot_FU_INDE_RE_INDE_status_4_iter_13,30,0.5333333333333333,-0.2944037642795704
robot_FU_INDE_RE_INDE_status_4_iter_14,30,0.5333333333333333,-0.2450671155025907
robot_FU_INDE_RE_INDE_status_4_iter_15,30,0.5,-0.3320008226866009
robot_FU_INDE_RE_INDE_status_4_iter_16,30,0.5,-22.616355555820963
robot_FU_INDE_RE_INDE_status_4_iter_17,30,0.5,-0.21640159695186356
robot_FU_INDE_RE_INDE_status_4_iter_18,30,0.4666666666666667,-0.3135669589899838
robot_FU_INDE_RE_INDE_status_4_iter_19,30,0.4666666666666667,-0.17522326305204944
robot_FU_INDE_RE_INDE_status_4_iter_2,30,0.6666666666666666,-2.210992210845682
robot_FU_INDE_RE_INDE_status_4_iter_20,30,0.4666666666666667,-0.23972232243381233
robot_FU_INDE_RE_INDE_status_4_iter_21,30,0.4666666666666667,-0.3135983931170241
robot_FU_INDE_RE_INDE_status_4_iter_22,30,0.4666666666666667,-0.30189584917166656
robot_FU_INDE_RE_INDE_status_4_iter_23,30,0.4666666666666667,-0.1731113429516788
robot_FU_INDE_RE_INDE_status_4_iter_3,30,0.5,-1.3584561782024762
robot_FU_INDE_RE_INDE_status_4_iter_4,30,0.8,-59.691515895232726
robot_FU_INDE_RE_INDE_status_4_iter_5,30,0.6,-0.7980475777288852
robot_FU_INDE_RE_INDE_status_4_iter_6,30,0.5333333333333333,-0.31893623870228816
robot_FU_INDE_RE_INDE_status_4_iter_7,30,0.5,-0.2475111952731292
robot_FU_INDE_RE_INDE_status_4_iter_8,30,0.5333333333333333,-0.34113342447579503
robot_FU_INDE_RE_INDE_status_4_iter_9,30,0.5666666666666667,-0.2155523454802759
