QP_name,Regularization,Iteration,Cost,Status
acrobot_FU_PD_RE_PD_status_2_iter_20,Prototype,8,-0.02309163496364853,0
acrobot_FU_PD_RE_PD_status_2_iter_20,HPIPM,8,-0.023091634960655014,0
acrobot_FU_PD_RE_PD_status_2_iter_3,Prototype,22,58655.468792648455,0
acrobot_FU_PD_RE_PD_status_2_iter_3,HPIPM,22,58655.46879264854,0
acrobot_FU_PD_RE_PD_status_2_iter_30,Prototype,9,-1.9972518935467573e-05,0
acrobot_FU_PD_RE_PD_status_2_iter_30,HPIPM,9,-1.9972515893774844e-05,0
acrobot_FU_PD_RE_PD_status_2_iter_43,Prototype,9,-2.557825252952849e-09,0
acrobot_FU_PD_RE_PD_status_2_iter_43,HPIPM,9,-2.5548249170061754e-09,0
acrobot_FU_PD_RE_PD_status_2_iter_54,Prototype,8,-5.977167186460516e-10,0
acrobot_FU_PD_RE_PD_status_2_iter_54,HPIPM,8,-5.946974936428508e-10,0
dubins_car_parallel_parking_FU_PD_RE_PD_status_2_iter_15,Prototype,12,0.005769899607903143,0
dubins_car_parallel_parking_FU_PD_RE_PD_status_2_iter_15,HPIPM,12,0.0057699007235056145,0
dubins_car_parallel_parking_FU_PD_RE_PD_status_2_iter_24,Prototype,13,-0.0003163539057971021,0
dubins_car_parallel_parking_FU_PD_RE_PD_status_2_iter_24,HPIPM,13,-0.00031635396711279627,0
dubins_car_parallel_parking_FU_PD_RE_PD_status_2_iter_33,Prototype,11,-0.016561685659027787,0
dubins_car_parallel_parking_FU_PD_RE_PD_status_2_iter_33,HPIPM,11,-0.016561685657551214,0
dubins_car_parallel_parking_FU_PD_RE_PD_status_2_iter_41,Prototype,11,2.1010227994312866e-08,0
dubins_car_parallel_parking_FU_PD_RE_PD_status_2_iter_41,HPIPM,11,2.104805747861431e-08,0
dubins_car_parallel_parking_FU_PD_RE_PD_status_2_iter_6,Prototype,11,-0.46186541986308455,0
dubins_car_parallel_parking_FU_PD_RE_PD_status_2_iter_6,HPIPM,11,-0.4618654198234842,0
free_flying_robot_FU_PD_RE_PD_status_2_iter_2,Prototype,9,-178.55324356774506,0
free_flying_robot_FU_PD_RE_PD_status_2_iter_2,HPIPM,9,-178.55324356778675,0
free_flying_robot_FU_PD_RE_PD_status_2_iter_20,Prototype,8,-0.8548326861705936,0
free_flying_robot_FU_PD_RE_PD_status_2_iter_20,HPIPM,8,-0.8548326861701132,0
free_flying_robot_FU_PD_RE_PD_status_2_iter_39,Prototype,8,-0.14616804231281014,0
free_flying_robot_FU_PD_RE_PD_status_2_iter_39,HPIPM,8,-0.1461680423170417,0
free_flying_robot_FU_PD_RE_PD_status_2_iter_54,Prototype,8,-0.0001418981112202756,0
free_flying_robot_FU_PD_RE_PD_status_2_iter_54,HPIPM,8,-0.00014189812276808815,0
free_flying_robot_FU_PD_RE_PD_status_2_iter_84,Prototype,8,-4.1692266499392866e-07,0
free_flying_robot_FU_PD_RE_PD_status_2_iter_84,HPIPM,8,-4.169345868076309e-07,0
furuta_cons_FU_PD_RE_PD_status_2_iter_18,Prototype,7,-0.5099474792445934,0
furuta_cons_FU_PD_RE_PD_status_2_iter_18,HPIPM,7,-0.5099474792451504,0
furuta_cons_FU_PD_RE_PD_status_2_iter_2,Prototype,10,-8.143241808260614,0
furuta_cons_FU_PD_RE_PD_status_2_iter_2,HPIPM,10,-8.143241808260614,0
furuta_cons_FU_PD_RE_PD_status_2_iter_34,Prototype,8,-0.9231298001062608,0
furuta_cons_FU_PD_RE_PD_status_2_iter_34,HPIPM,8,-0.9231298001067653,0
furuta_cons_FU_PD_RE_PD_status_2_iter_48,Prototype,5,-0.022444050784249533,0
furuta_cons_FU_PD_RE_PD_status_2_iter_48,HPIPM,5,-0.0224440507823853,0
furuta_cons_FU_PD_RE_PD_status_2_iter_66,Prototype,6,-0.9890572597004929,0
furuta_cons_FU_PD_RE_PD_status_2_iter_66,HPIPM,6,-0.9890572596984923,0
moonlander_FU_PD_RE_PD_status_2_iter_19,Prototype,7,-14.358511914523602,0
moonlander_FU_PD_RE_PD_status_2_iter_19,HPIPM,7,-14.358511914495272,0
moonlander_FU_PD_RE_PD_status_2_iter_3,Prototype,9,-11.064198837820474,0
moonlander_FU_PD_RE_PD_status_2_iter_3,HPIPM,9,-11.064198837799504,0
moonlander_FU_PD_RE_PD_status_2_iter_35,Prototype,6,-0.04094331088614069,0
moonlander_FU_PD_RE_PD_status_2_iter_35,HPIPM,6,-0.04094331088820883,0
moonlander_FU_PD_RE_PD_status_2_iter_51,Prototype,6,-0.001131441201422951,0
moonlander_FU_PD_RE_PD_status_2_iter_51,HPIPM,6,-0.0011314412031630042,0
moonlander_FU_PD_RE_PD_status_2_iter_67,Prototype,6,-4.1190018422195075e-05,0
moonlander_FU_PD_RE_PD_status_2_iter_67,HPIPM,6,-4.1190021067111404e-05,0
overhead_crane_FU_PD_RE_PD_status_2_iter_11,Prototype,9,-0.035995593749203206,0
overhead_crane_FU_PD_RE_PD_status_2_iter_11,HPIPM,9,-0.035995596747619256,0
overhead_crane_FU_PD_RE_PD_status_2_iter_2,Prototype,13,-11.980025777873912,0
overhead_crane_FU_PD_RE_PD_status_2_iter_2,HPIPM,13,-11.980025777844983,0
overhead_crane_FU_PD_RE_PD_status_2_iter_27,Prototype,10,-0.03025168761092588,0
overhead_crane_FU_PD_RE_PD_status_2_iter_27,HPIPM,10,-0.030251687659154577,0
overhead_crane_FU_PD_RE_PD_status_2_iter_38,Prototype,12,-2.3419204955317863,0
overhead_crane_FU_PD_RE_PD_status_2_iter_38,HPIPM,12,-2.3419204955917863,0
overhead_crane_FU_PD_RE_PD_status_2_iter_47,Prototype,10,4.970652397154433e-08,0
overhead_crane_FU_PD_RE_PD_status_2_iter_47,HPIPM,10,4.97220849816162e-08,0
pendulum_cons_FU_PD_RE_PD_status_2_iter_12,Prototype,8,-1.3112645493762123,0
pendulum_cons_FU_PD_RE_PD_status_2_iter_12,HPIPM,8,-1.311264549487857,0
pendulum_cons_FU_PD_RE_PD_status_2_iter_22,Prototype,5,-0.7717978389558591,0
pendulum_cons_FU_PD_RE_PD_status_2_iter_22,HPIPM,5,-0.7717978389572843,0
pendulum_cons_FU_PD_RE_PD_status_2_iter_3,Prototype,7,-24.7666016318842,0
pendulum_cons_FU_PD_RE_PD_status_2_iter_3,HPIPM,7,-24.76660163188431,0
pendulum_cons_FU_PD_RE_PD_status_2_iter_36,Prototype,4,-0.019844433324539106,0
pendulum_cons_FU_PD_RE_PD_status_2_iter_36,HPIPM,4,-0.019844433330926024,0
pendulum_cons_FU_PD_RE_PD_status_2_iter_49,Prototype,4,-0.0002323497623273876,0
pendulum_cons_FU_PD_RE_PD_status_2_iter_49,HPIPM,4,-0.00023234976212596105,0
robot_FU_PD_RE_PD_status_2_iter_21,Prototype,6,-0.0025617820980213804,0
robot_FU_PD_RE_PD_status_2_iter_21,HPIPM,6,-0.002561782079175086,0
robot_FU_PD_RE_PD_status_2_iter_35,Prototype,7,-2.695733927386348e-05,0
robot_FU_PD_RE_PD_status_2_iter_35,HPIPM,7,-2.695734230297784e-05,0
robot_FU_PD_RE_PD_status_2_iter_53,Prototype,6,9.734473083165165e-07,0
robot_FU_PD_RE_PD_status_2_iter_53,HPIPM,6,9.73398092773481e-07,0
robot_FU_PD_RE_PD_status_2_iter_69,Prototype,6,1.1223447410993343e-06,0
robot_FU_PD_RE_PD_status_2_iter_69,HPIPM,6,1.1222950942201325e-06,0
robot_FU_PD_RE_PD_status_2_iter_8,Prototype,6,-0.021954270391690997,0
robot_FU_PD_RE_PD_status_2_iter_8,HPIPM,6,-0.021954270399873684,0
